[fit] output_scene=general sft_scene=general ckpt=0
[fit] figure=/mnt/public/dingbowen/RETU/analysis/flops_estimate_kit/fit_result/general/ckpt0/qwen_2_5_7b_sft_general_dapo_0_max_step_auto_fit34_hparam_best.png
Selected hyperparameters
  fit_points_num=34
  train_split=None
  val_split=None
  use_robust_reg=False
  lts_alpha=0.75
  outlier_threshold=2.5
  val_most=100
  free_c0=False
SFT step=360 segment_steps=360 cumulative_eflops=34.92
SFT step=720 segment_steps=360 cumulative_eflops=69.84
SFT step=1080 segment_steps=360 cumulative_eflops=104.76
SFT step=1440 segment_steps=360 cumulative_eflops=139.68
SFT step=1800 segment_steps=360 cumulative_eflops=174.6
SFT step=3600 segment_steps=1800 cumulative_eflops=349.18
SFT step=5400 segment_steps=1800 cumulative_eflops=523.76
SFT step=7200 segment_steps=1800 cumulative_eflops=698.34
SFT step=9000 segment_steps=1800 cumulative_eflops=872.92
SFT step=10800 segment_steps=1800 cumulative_eflops=1047.5
SFT step=12600 segment_steps=1800 cumulative_eflops=1222.08
SFT step=14080 segment_steps=1480 cumulative_eflops=1365.62
Loading general_flops2valPerform_sft_dict.pkl from /mnt/public/dingbowen/RETU/analysis/flops_estimate_kit/cache/sft/general_flops2valPerform_sft_dict.pkl
Loading general_step2flops2valPerform_dapo_ckpt0.pkl from /mnt/public/dingbowen/RETU/analysis/flops_estimate_kit/cache/sft_then_rl/general/general_step2flops2valPerform_dapo_ckpt0.pkl
step2flops_per_ckpt: {0: 0, 360: 34.92, 720: 69.84, 1080: 104.76, 1440: 139.68, 1800: 174.6, 3600: 349.18, 5400: 523.76, 7200: 698.34, 9000: 872.92, 10800: 1047.5, 12600: 1222.08, 14080: 1365.62}
branch_flops: {0: 0}
Config set for benchmark 'overall': {'split_mode': 'index', 'train_range': (0, 34), 'val_range': (34, 100), 'detect_outliers': True, 'outlier_threshold': 2.5, 'use_robust_regression': False, 'lts_alpha': 0.75, 'model_types': ['logistic'], 'metric': 'auto', 'fixed_C0': 0, 'exclude_nonpositive_val': False}

Analyzing SFT Checkpoint 0
Default config: {'split_mode': 'index', 'train_range': (0, 60), 'val_range': (60, 100), 'detect_outliers': True, 'outlier_threshold': 2.5, 'use_robust_regression': False, 'lts_alpha': 0.75, 'model_types': 'auto', 'metric': 'val_rmse', 'fixed_C0': 0, 'exclude_nonpositive_val': False}
Benchmark-specific config applied to 1 benchmarks
use fit_logistic_grid_search: False
use fit_logistic_grid_search: False
Figure saved to: /mnt/public/dingbowen/RETU/analysis/flops_estimate_kit/fit_result/general/ckpt0/qwen_2_5_7b_sft_general_dapo_0_max_step_auto_fit34_hparam_best.png

==================================================================================================================================
SFT Checkpoint 0 - Summary of Best Models
Selected 1 benchmarks
==================================================================================================================================
use fit_logistic_grid_search: False
use fit_logistic_grid_search: False
Benchmark | Model    | Train R² | Val R²  | Val RMSE | AIC   | BIC   | Mode | Config    
----------------------------------------------------------------------------------------
overall   | logistic | 0.9843   | -0.1090 | 0.3607   | -20.7 | -16.1 | inde | TR:(0, 34)
use fit_logistic_grid_search: False
use fit_logistic_grid_search: False

====================================================================================================
Predictions for Future FLOPs
====================================================================================================

overall (Model: logistic)
Config: TR:(0, 34), RR:False
Equation: y = 0.00 + 25.25/(1+(1/x)^1.18) [C0 fixed]
  FLOPs=30000: 25.2462
  FLOPs=40000: 25.2463
  FLOPs=50000: 25.2463
  FLOPs=60000: 25.2463
Wrote metrics to /mnt/public/dingbowen/RETU/analysis/flops_estimate_kit/fit_result/general/ckpt0/metrics.json
[fit] output_scene=general sft_scene=general ckpt=1080
[fit] figure=/mnt/public/dingbowen/RETU/analysis/flops_estimate_kit/fit_result/general/ckpt1080/qwen_2_5_7b_sft_general_dapo_1080_max_step_auto_fit21_hparam_best.png
Selected hyperparameters
  fit_points_num=21
  train_split=None
  val_split=None
  use_robust_reg=True
  lts_alpha=0.75
  outlier_threshold=4.0
  val_most=100
  free_c0=False
SFT step=360 segment_steps=360 cumulative_eflops=34.92
SFT step=720 segment_steps=360 cumulative_eflops=69.84
SFT step=1080 segment_steps=360 cumulative_eflops=104.76
SFT step=1440 segment_steps=360 cumulative_eflops=139.68
SFT step=1800 segment_steps=360 cumulative_eflops=174.6
SFT step=3600 segment_steps=1800 cumulative_eflops=349.18
SFT step=5400 segment_steps=1800 cumulative_eflops=523.76
SFT step=7200 segment_steps=1800 cumulative_eflops=698.34
SFT step=9000 segment_steps=1800 cumulative_eflops=872.92
SFT step=10800 segment_steps=1800 cumulative_eflops=1047.5
SFT step=12600 segment_steps=1800 cumulative_eflops=1222.08
SFT step=14080 segment_steps=1480 cumulative_eflops=1365.62
Loading general_flops2valPerform_sft_dict.pkl from /mnt/public/dingbowen/RETU/analysis/flops_estimate_kit/cache/sft/general_flops2valPerform_sft_dict.pkl
Loading general_step2flops2valPerform_dapo_ckpt1080.pkl from /mnt/public/dingbowen/RETU/analysis/flops_estimate_kit/cache/sft_then_rl/general/general_step2flops2valPerform_dapo_ckpt1080.pkl
step2flops_per_ckpt: {0: 0, 360: 34.92, 720: 69.84, 1080: 104.76, 1440: 139.68, 1800: 174.6, 3600: 349.18, 5400: 523.76, 7200: 698.34, 9000: 872.92, 10800: 1047.5, 12600: 1222.08, 14080: 1365.62}
branch_flops: {1080: 104.76}
Config set for benchmark 'overall': {'split_mode': 'index', 'train_range': (0, 21), 'val_range': (21, 100), 'detect_outliers': True, 'outlier_threshold': 4.0, 'use_robust_regression': True, 'lts_alpha': 0.75, 'model_types': ['logistic'], 'metric': 'auto', 'fixed_C0': 0, 'exclude_nonpositive_val': False}

Analyzing SFT Checkpoint 1080
Default config: {'split_mode': 'index', 'train_range': (0, 60), 'val_range': (60, 100), 'detect_outliers': True, 'outlier_threshold': 2.5, 'use_robust_regression': False, 'lts_alpha': 0.75, 'model_types': 'auto', 'metric': 'val_rmse', 'fixed_C0': 0, 'exclude_nonpositive_val': False}
Benchmark-specific config applied to 1 benchmarks
Figure saved to: /mnt/public/dingbowen/RETU/analysis/flops_estimate_kit/fit_result/general/ckpt1080/qwen_2_5_7b_sft_general_dapo_1080_max_step_auto_fit21_hparam_best.png

==================================================================================================================================
SFT Checkpoint 1080 - Summary of Best Models
Selected 1 benchmarks
==================================================================================================================================
Benchmark | Model    | Train R² | Val R² | Val RMSE | AIC   | BIC   | Mode | Config    
---------------------------------------------------------------------------------------
overall   | logistic | 0.9881   | 0.0348 | 0.3764   | -38.4 | -36.3 | inde | TR:(0, 21)

====================================================================================================
Predictions for Future FLOPs
====================================================================================================

overall (Model: logistic)
Config: TR:(0, 21), RR:True
Equation: y = 0.00 + 7.14/(1+(10/x)^1.47) [C0 fixed]
  FLOPs=30000: 7.1379
  FLOPs=40000: 7.1380
  FLOPs=50000: 7.1380
  FLOPs=60000: 7.1380
Wrote metrics to /mnt/public/dingbowen/RETU/analysis/flops_estimate_kit/fit_result/general/ckpt1080/metrics.json
[fit] output_scene=general sft_scene=general ckpt=10800
[fit] figure=/mnt/public/dingbowen/RETU/analysis/flops_estimate_kit/fit_result/general/ckpt10800/qwen_2_5_7b_sft_general_dapo_10800_max_step_auto_fit16_hparam_best.png
Selected hyperparameters
  fit_points_num=16
  train_split=None
  val_split=None
  use_robust_reg=True
  lts_alpha=0.85
  outlier_threshold=2.5
  val_most=100
  free_c0=False
SFT step=360 segment_steps=360 cumulative_eflops=34.92
SFT step=720 segment_steps=360 cumulative_eflops=69.84
SFT step=1080 segment_steps=360 cumulative_eflops=104.76
SFT step=1440 segment_steps=360 cumulative_eflops=139.68
SFT step=1800 segment_steps=360 cumulative_eflops=174.6
SFT step=3600 segment_steps=1800 cumulative_eflops=349.18
SFT step=5400 segment_steps=1800 cumulative_eflops=523.76
SFT step=7200 segment_steps=1800 cumulative_eflops=698.34
SFT step=9000 segment_steps=1800 cumulative_eflops=872.92
SFT step=10800 segment_steps=1800 cumulative_eflops=1047.5
SFT step=12600 segment_steps=1800 cumulative_eflops=1222.08
SFT step=14080 segment_steps=1480 cumulative_eflops=1365.62
Loading general_flops2valPerform_sft_dict.pkl from /mnt/public/dingbowen/RETU/analysis/flops_estimate_kit/cache/sft/general_flops2valPerform_sft_dict.pkl
Loading general_step2flops2valPerform_dapo_ckpt10800.pkl from /mnt/public/dingbowen/RETU/analysis/flops_estimate_kit/cache/sft_then_rl/general/general_step2flops2valPerform_dapo_ckpt10800.pkl
step2flops_per_ckpt: {0: 0, 360: 34.92, 720: 69.84, 1080: 104.76, 1440: 139.68, 1800: 174.6, 3600: 349.18, 5400: 523.76, 7200: 698.34, 9000: 872.92, 10800: 1047.5, 12600: 1222.08, 14080: 1365.62}
branch_flops: {10800: 1047.6}
Config set for benchmark 'overall': {'split_mode': 'index', 'train_range': (0, 16), 'val_range': (16, 100), 'detect_outliers': True, 'outlier_threshold': 2.5, 'use_robust_regression': True, 'lts_alpha': 0.85, 'model_types': ['logistic'], 'metric': 'auto', 'fixed_C0': 0, 'exclude_nonpositive_val': False}

Analyzing SFT Checkpoint 10800
Default config: {'split_mode': 'index', 'train_range': (0, 60), 'val_range': (60, 100), 'detect_outliers': True, 'outlier_threshold': 2.5, 'use_robust_regression': False, 'lts_alpha': 0.75, 'model_types': 'auto', 'metric': 'val_rmse', 'fixed_C0': 0, 'exclude_nonpositive_val': False}
Benchmark-specific config applied to 1 benchmarks
Figure saved to: /mnt/public/dingbowen/RETU/analysis/flops_estimate_kit/fit_result/general/ckpt10800/qwen_2_5_7b_sft_general_dapo_10800_max_step_auto_fit16_hparam_best.png

==================================================================================================================================
SFT Checkpoint 10800 - Summary of Best Models
Selected 1 benchmarks
==================================================================================================================================
Benchmark | Model    | Train R² | Val R²  | Val RMSE | AIC   | BIC   | Mode | Config    
----------------------------------------------------------------------------------------
overall   | logistic | 0.9921   | -1.3070 | 0.5431   | -33.0 | -31.8 | inde | TR:(0, 16)

====================================================================================================
Predictions for Future FLOPs
====================================================================================================

overall (Model: logistic)
Config: TR:(0, 16), RR:True
Equation: y = 0.00 + 5.36/(1+(12/x)^2.50) [C0 fixed]
  FLOPs=30000: 5.3613
  FLOPs=40000: 5.3613
  FLOPs=50000: 5.3613
  FLOPs=60000: 5.3613
Wrote metrics to /mnt/public/dingbowen/RETU/analysis/flops_estimate_kit/fit_result/general/ckpt10800/metrics.json
[fit] output_scene=general sft_scene=general ckpt=12600
[fit] figure=/mnt/public/dingbowen/RETU/analysis/flops_estimate_kit/fit_result/general/ckpt12600/qwen_2_5_7b_sft_general_dapo_12600_max_step_auto_fit15_hparam_best.png
Selected hyperparameters
  fit_points_num=15
  train_split=None
  val_split=None
  use_robust_reg=True
  lts_alpha=0.75
  outlier_threshold=3.0
  val_most=100
  free_c0=False
SFT step=360 segment_steps=360 cumulative_eflops=34.92
SFT step=720 segment_steps=360 cumulative_eflops=69.84
SFT step=1080 segment_steps=360 cumulative_eflops=104.76
SFT step=1440 segment_steps=360 cumulative_eflops=139.68
SFT step=1800 segment_steps=360 cumulative_eflops=174.6
SFT step=3600 segment_steps=1800 cumulative_eflops=349.18
SFT step=5400 segment_steps=1800 cumulative_eflops=523.76
SFT step=7200 segment_steps=1800 cumulative_eflops=698.34
SFT step=9000 segment_steps=1800 cumulative_eflops=872.92
SFT step=10800 segment_steps=1800 cumulative_eflops=1047.5
SFT step=12600 segment_steps=1800 cumulative_eflops=1222.08
SFT step=14080 segment_steps=1480 cumulative_eflops=1365.62
Loading general_flops2valPerform_sft_dict.pkl from /mnt/public/dingbowen/RETU/analysis/flops_estimate_kit/cache/sft/general_flops2valPerform_sft_dict.pkl
Loading general_step2flops2valPerform_dapo_ckpt12600.pkl from /mnt/public/dingbowen/RETU/analysis/flops_estimate_kit/cache/sft_then_rl/general/general_step2flops2valPerform_dapo_ckpt12600.pkl
step2flops_per_ckpt: {0: 0, 360: 34.92, 720: 69.84, 1080: 104.76, 1440: 139.68, 1800: 174.6, 3600: 349.18, 5400: 523.76, 7200: 698.34, 9000: 872.92, 10800: 1047.5, 12600: 1222.08, 14080: 1365.62}
branch_flops: {12600: 1222.2}
Config set for benchmark 'overall': {'split_mode': 'index', 'train_range': (0, 15), 'val_range': (15, 100), 'detect_outliers': True, 'outlier_threshold': 3.0, 'use_robust_regression': True, 'lts_alpha': 0.75, 'model_types': ['logistic'], 'metric': 'auto', 'fixed_C0': 0, 'exclude_nonpositive_val': False}

Analyzing SFT Checkpoint 12600
Default config: {'split_mode': 'index', 'train_range': (0, 60), 'val_range': (60, 100), 'detect_outliers': True, 'outlier_threshold': 2.5, 'use_robust_regression': False, 'lts_alpha': 0.75, 'model_types': 'auto', 'metric': 'val_rmse', 'fixed_C0': 0, 'exclude_nonpositive_val': False}
Benchmark-specific config applied to 1 benchmarks
Figure saved to: /mnt/public/dingbowen/RETU/analysis/flops_estimate_kit/fit_result/general/ckpt12600/qwen_2_5_7b_sft_general_dapo_12600_max_step_auto_fit15_hparam_best.png

==================================================================================================================================
SFT Checkpoint 12600 - Summary of Best Models
Selected 1 benchmarks
==================================================================================================================================
Benchmark | Model    | Train R² | Val R² | Val RMSE | AIC   | BIC   | Mode | Config    
---------------------------------------------------------------------------------------
overall   | logistic | 0.9955   | 0.0697 | 0.2638   | -34.9 | -33.7 | inde | TR:(0, 15)

====================================================================================================
Predictions for Future FLOPs
====================================================================================================

overall (Model: logistic)
Config: TR:(0, 15), RR:True
Equation: y = 0.00 + 5.94/(1+(10/x)^2.22) [C0 fixed]
  FLOPs=30000: 5.9438
  FLOPs=40000: 5.9438
  FLOPs=50000: 5.9438
  FLOPs=60000: 5.9438
Wrote metrics to /mnt/public/dingbowen/RETU/analysis/flops_estimate_kit/fit_result/general/ckpt12600/metrics.json
[fit] output_scene=general sft_scene=general ckpt=14080
[fit] figure=/mnt/public/dingbowen/RETU/analysis/flops_estimate_kit/fit_result/general/ckpt14080/qwen_2_5_7b_sft_general_dapo_14080_max_step_auto_fit22_hparam_best.png
Selected hyperparameters
  fit_points_num=22
  train_split=None
  val_split=None
  use_robust_reg=False
  lts_alpha=0.75
  outlier_threshold=2.5
  val_most=100
  free_c0=False
SFT step=360 segment_steps=360 cumulative_eflops=34.92
SFT step=720 segment_steps=360 cumulative_eflops=69.84
SFT step=1080 segment_steps=360 cumulative_eflops=104.76
SFT step=1440 segment_steps=360 cumulative_eflops=139.68
SFT step=1800 segment_steps=360 cumulative_eflops=174.6
SFT step=3600 segment_steps=1800 cumulative_eflops=349.18
SFT step=5400 segment_steps=1800 cumulative_eflops=523.76
SFT step=7200 segment_steps=1800 cumulative_eflops=698.34
SFT step=9000 segment_steps=1800 cumulative_eflops=872.92
SFT step=10800 segment_steps=1800 cumulative_eflops=1047.5
SFT step=12600 segment_steps=1800 cumulative_eflops=1222.08
SFT step=14080 segment_steps=1480 cumulative_eflops=1365.62
Loading general_flops2valPerform_sft_dict.pkl from /mnt/public/dingbowen/RETU/analysis/flops_estimate_kit/cache/sft/general_flops2valPerform_sft_dict.pkl
Loading general_step2flops2valPerform_dapo_ckpt14080.pkl from /mnt/public/dingbowen/RETU/analysis/flops_estimate_kit/cache/sft_then_rl/general/general_step2flops2valPerform_dapo_ckpt14080.pkl
step2flops_per_ckpt: {0: 0, 360: 34.92, 720: 69.84, 1080: 104.76, 1440: 139.68, 1800: 174.6, 3600: 349.18, 5400: 523.76, 7200: 698.34, 9000: 872.92, 10800: 1047.5, 12600: 1222.08, 14080: 1365.62}
branch_flops: {14080: 1365.76}
Config set for benchmark 'overall': {'split_mode': 'index', 'train_range': (0, 22), 'val_range': (22, 100), 'detect_outliers': True, 'outlier_threshold': 2.5, 'use_robust_regression': False, 'lts_alpha': 0.75, 'model_types': ['logistic'], 'metric': 'auto', 'fixed_C0': 0, 'exclude_nonpositive_val': False}

Analyzing SFT Checkpoint 14080
Default config: {'split_mode': 'index', 'train_range': (0, 60), 'val_range': (60, 100), 'detect_outliers': True, 'outlier_threshold': 2.5, 'use_robust_regression': False, 'lts_alpha': 0.75, 'model_types': 'auto', 'metric': 'val_rmse', 'fixed_C0': 0, 'exclude_nonpositive_val': False}
Benchmark-specific config applied to 1 benchmarks
use fit_logistic_grid_search: False
use fit_logistic_grid_search: False
Figure saved to: /mnt/public/dingbowen/RETU/analysis/flops_estimate_kit/fit_result/general/ckpt14080/qwen_2_5_7b_sft_general_dapo_14080_max_step_auto_fit22_hparam_best.png

==================================================================================================================================
SFT Checkpoint 14080 - Summary of Best Models
Selected 1 benchmarks
==================================================================================================================================
use fit_logistic_grid_search: False
use fit_logistic_grid_search: False
Benchmark | Model    | Train R² | Val R²  | Val RMSE | AIC   | BIC   | Mode | Config    
----------------------------------------------------------------------------------------
overall   | logistic | 0.9584   | -0.6913 | 0.5359   | -39.6 | -36.4 | inde | TR:(0, 22)
use fit_logistic_grid_search: False
use fit_logistic_grid_search: False

====================================================================================================
Predictions for Future FLOPs
====================================================================================================

overall (Model: logistic)
Config: TR:(0, 22), RR:False
Equation: y = 0.00 + 7.75/(1+(11/x)^1.10) [C0 fixed]
  FLOPs=30000: 7.7521
  FLOPs=40000: 7.7525
  FLOPs=50000: 7.7527
  FLOPs=60000: 7.7528
Wrote metrics to /mnt/public/dingbowen/RETU/analysis/flops_estimate_kit/fit_result/general/ckpt14080/metrics.json
[fit] output_scene=general sft_scene=general ckpt=1440
[fit] figure=/mnt/public/dingbowen/RETU/analysis/flops_estimate_kit/fit_result/general/ckpt1440/qwen_2_5_7b_sft_general_dapo_1440_max_step_auto_fit16_hparam_best.png
Selected hyperparameters
  fit_points_num=16
  train_split=None
  val_split=None
  use_robust_reg=True
  lts_alpha=0.85
  outlier_threshold=4.0
  val_most=100
  free_c0=False
SFT step=360 segment_steps=360 cumulative_eflops=34.92
SFT step=720 segment_steps=360 cumulative_eflops=69.84
SFT step=1080 segment_steps=360 cumulative_eflops=104.76
SFT step=1440 segment_steps=360 cumulative_eflops=139.68
SFT step=1800 segment_steps=360 cumulative_eflops=174.6
SFT step=3600 segment_steps=1800 cumulative_eflops=349.18
SFT step=5400 segment_steps=1800 cumulative_eflops=523.76
SFT step=7200 segment_steps=1800 cumulative_eflops=698.34
SFT step=9000 segment_steps=1800 cumulative_eflops=872.92
SFT step=10800 segment_steps=1800 cumulative_eflops=1047.5
SFT step=12600 segment_steps=1800 cumulative_eflops=1222.08
SFT step=14080 segment_steps=1480 cumulative_eflops=1365.62
Loading general_flops2valPerform_sft_dict.pkl from /mnt/public/dingbowen/RETU/analysis/flops_estimate_kit/cache/sft/general_flops2valPerform_sft_dict.pkl
Loading general_step2flops2valPerform_dapo_ckpt1440.pkl from /mnt/public/dingbowen/RETU/analysis/flops_estimate_kit/cache/sft_then_rl/general/general_step2flops2valPerform_dapo_ckpt1440.pkl
step2flops_per_ckpt: {0: 0, 360: 34.92, 720: 69.84, 1080: 104.76, 1440: 139.68, 1800: 174.6, 3600: 349.18, 5400: 523.76, 7200: 698.34, 9000: 872.92, 10800: 1047.5, 12600: 1222.08, 14080: 1365.62}
branch_flops: {1440: 139.68}
Config set for benchmark 'overall': {'split_mode': 'index', 'train_range': (0, 16), 'val_range': (16, 100), 'detect_outliers': True, 'outlier_threshold': 4.0, 'use_robust_regression': True, 'lts_alpha': 0.85, 'model_types': ['logistic'], 'metric': 'auto', 'fixed_C0': 0, 'exclude_nonpositive_val': False}

Analyzing SFT Checkpoint 1440
Default config: {'split_mode': 'index', 'train_range': (0, 60), 'val_range': (60, 100), 'detect_outliers': True, 'outlier_threshold': 2.5, 'use_robust_regression': False, 'lts_alpha': 0.75, 'model_types': 'auto', 'metric': 'val_rmse', 'fixed_C0': 0, 'exclude_nonpositive_val': False}
Benchmark-specific config applied to 1 benchmarks
Figure saved to: /mnt/public/dingbowen/RETU/analysis/flops_estimate_kit/fit_result/general/ckpt1440/qwen_2_5_7b_sft_general_dapo_1440_max_step_auto_fit16_hparam_best.png

==================================================================================================================================
SFT Checkpoint 1440 - Summary of Best Models
Selected 1 benchmarks
==================================================================================================================================
Benchmark | Model    | Train R² | Val R² | Val RMSE | AIC   | BIC   | Mode | Config    
---------------------------------------------------------------------------------------
overall   | logistic | 0.9863   | 0.0079 | 0.4355   | -30.3 | -28.6 | inde | TR:(0, 16)

====================================================================================================
Predictions for Future FLOPs
====================================================================================================

overall (Model: logistic)
Config: TR:(0, 16), RR:True
Equation: y = 0.00 + 6.99/(1+(9/x)^1.71) [C0 fixed]
  FLOPs=30000: 6.9875
  FLOPs=40000: 6.9875
  FLOPs=50000: 6.9875
  FLOPs=60000: 6.9875
Wrote metrics to /mnt/public/dingbowen/RETU/analysis/flops_estimate_kit/fit_result/general/ckpt1440/metrics.json
[fit] output_scene=general sft_scene=general ckpt=1800
[fit] figure=/mnt/public/dingbowen/RETU/analysis/flops_estimate_kit/fit_result/general/ckpt1800/qwen_2_5_7b_sft_general_dapo_1800_max_step_auto_fit19_hparam_best.png
Selected hyperparameters
  fit_points_num=19
  train_split=None
  val_split=None
  use_robust_reg=True
  lts_alpha=0.75
  outlier_threshold=3.0
  val_most=100
  free_c0=False
SFT step=360 segment_steps=360 cumulative_eflops=34.92
SFT step=720 segment_steps=360 cumulative_eflops=69.84
SFT step=1080 segment_steps=360 cumulative_eflops=104.76
SFT step=1440 segment_steps=360 cumulative_eflops=139.68
SFT step=1800 segment_steps=360 cumulative_eflops=174.6
SFT step=3600 segment_steps=1800 cumulative_eflops=349.18
SFT step=5400 segment_steps=1800 cumulative_eflops=523.76
SFT step=7200 segment_steps=1800 cumulative_eflops=698.34
SFT step=9000 segment_steps=1800 cumulative_eflops=872.92
SFT step=10800 segment_steps=1800 cumulative_eflops=1047.5
SFT step=12600 segment_steps=1800 cumulative_eflops=1222.08
SFT step=14080 segment_steps=1480 cumulative_eflops=1365.62
Loading general_flops2valPerform_sft_dict.pkl from /mnt/public/dingbowen/RETU/analysis/flops_estimate_kit/cache/sft/general_flops2valPerform_sft_dict.pkl
Loading general_step2flops2valPerform_dapo_ckpt1800.pkl from /mnt/public/dingbowen/RETU/analysis/flops_estimate_kit/cache/sft_then_rl/general/general_step2flops2valPerform_dapo_ckpt1800.pkl
step2flops_per_ckpt: {0: 0, 360: 34.92, 720: 69.84, 1080: 104.76, 1440: 139.68, 1800: 174.6, 3600: 349.18, 5400: 523.76, 7200: 698.34, 9000: 872.92, 10800: 1047.5, 12600: 1222.08, 14080: 1365.62}
branch_flops: {1800: 174.6}
Config set for benchmark 'overall': {'split_mode': 'index', 'train_range': (0, 19), 'val_range': (19, 100), 'detect_outliers': True, 'outlier_threshold': 3.0, 'use_robust_regression': True, 'lts_alpha': 0.75, 'model_types': ['logistic'], 'metric': 'auto', 'fixed_C0': 0, 'exclude_nonpositive_val': False}

Analyzing SFT Checkpoint 1800
Default config: {'split_mode': 'index', 'train_range': (0, 60), 'val_range': (60, 100), 'detect_outliers': True, 'outlier_threshold': 2.5, 'use_robust_regression': False, 'lts_alpha': 0.75, 'model_types': 'auto', 'metric': 'val_rmse', 'fixed_C0': 0, 'exclude_nonpositive_val': False}
Benchmark-specific config applied to 1 benchmarks
Figure saved to: /mnt/public/dingbowen/RETU/analysis/flops_estimate_kit/fit_result/general/ckpt1800/qwen_2_5_7b_sft_general_dapo_1800_max_step_auto_fit19_hparam_best.png

==================================================================================================================================
SFT Checkpoint 1800 - Summary of Best Models
Selected 1 benchmarks
==================================================================================================================================
Benchmark | Model    | Train R² | Val R²  | Val RMSE | AIC   | BIC   | Mode | Config    
----------------------------------------------------------------------------------------
overall   | logistic | 0.9867   | -0.0070 | 0.5214   | -33.4 | -31.5 | inde | TR:(0, 19)

====================================================================================================
Predictions for Future FLOPs
====================================================================================================

overall (Model: logistic)
Config: TR:(0, 19), RR:True
Equation: y = 0.00 + 6.93/(1+(9/x)^1.58) [C0 fixed]
  FLOPs=30000: 6.9257
  FLOPs=40000: 6.9257
  FLOPs=50000: 6.9257
  FLOPs=60000: 6.9257
Wrote metrics to /mnt/public/dingbowen/RETU/analysis/flops_estimate_kit/fit_result/general/ckpt1800/metrics.json
[fit] output_scene=general sft_scene=general ckpt=360
[fit] figure=/mnt/public/dingbowen/RETU/analysis/flops_estimate_kit/fit_result/general/ckpt360/qwen_2_5_7b_sft_general_dapo_360_max_step_auto_fit15_hparam_best.png
Selected hyperparameters
  fit_points_num=15
  train_split=None
  val_split=None
  use_robust_reg=False
  lts_alpha=0.75
  outlier_threshold=2.5
  val_most=100
  free_c0=False
SFT step=360 segment_steps=360 cumulative_eflops=34.92
SFT step=720 segment_steps=360 cumulative_eflops=69.84
SFT step=1080 segment_steps=360 cumulative_eflops=104.76
SFT step=1440 segment_steps=360 cumulative_eflops=139.68
SFT step=1800 segment_steps=360 cumulative_eflops=174.6
SFT step=3600 segment_steps=1800 cumulative_eflops=349.18
SFT step=5400 segment_steps=1800 cumulative_eflops=523.76
SFT step=7200 segment_steps=1800 cumulative_eflops=698.34
SFT step=9000 segment_steps=1800 cumulative_eflops=872.92
SFT step=10800 segment_steps=1800 cumulative_eflops=1047.5
SFT step=12600 segment_steps=1800 cumulative_eflops=1222.08
SFT step=14080 segment_steps=1480 cumulative_eflops=1365.62
Loading general_flops2valPerform_sft_dict.pkl from /mnt/public/dingbowen/RETU/analysis/flops_estimate_kit/cache/sft/general_flops2valPerform_sft_dict.pkl
Loading general_step2flops2valPerform_dapo_ckpt360.pkl from /mnt/public/dingbowen/RETU/analysis/flops_estimate_kit/cache/sft_then_rl/general/general_step2flops2valPerform_dapo_ckpt360.pkl
step2flops_per_ckpt: {0: 0, 360: 34.92, 720: 69.84, 1080: 104.76, 1440: 139.68, 1800: 174.6, 3600: 349.18, 5400: 523.76, 7200: 698.34, 9000: 872.92, 10800: 1047.5, 12600: 1222.08, 14080: 1365.62}
branch_flops: {360: 34.92}
Config set for benchmark 'overall': {'split_mode': 'index', 'train_range': (0, 15), 'val_range': (15, 100), 'detect_outliers': True, 'outlier_threshold': 2.5, 'use_robust_regression': False, 'lts_alpha': 0.75, 'model_types': ['logistic'], 'metric': 'auto', 'fixed_C0': 0, 'exclude_nonpositive_val': False}

Analyzing SFT Checkpoint 360
Default config: {'split_mode': 'index', 'train_range': (0, 60), 'val_range': (60, 100), 'detect_outliers': True, 'outlier_threshold': 2.5, 'use_robust_regression': False, 'lts_alpha': 0.75, 'model_types': 'auto', 'metric': 'val_rmse', 'fixed_C0': 0, 'exclude_nonpositive_val': False}
Benchmark-specific config applied to 1 benchmarks
use fit_logistic_grid_search: False
use fit_logistic_grid_search: False
Figure saved to: /mnt/public/dingbowen/RETU/analysis/flops_estimate_kit/fit_result/general/ckpt360/qwen_2_5_7b_sft_general_dapo_360_max_step_auto_fit15_hparam_best.png

==================================================================================================================================
SFT Checkpoint 360 - Summary of Best Models
Selected 1 benchmarks
==================================================================================================================================
use fit_logistic_grid_search: False
use fit_logistic_grid_search: False
Benchmark | Model    | Train R² | Val R²  | Val RMSE | AIC   | BIC   | Mode | Config    
----------------------------------------------------------------------------------------
overall   | logistic | 0.9655   | -0.9433 | 0.4836   | -19.2 | -17.1 | inde | TR:(0, 15)
use fit_logistic_grid_search: False
use fit_logistic_grid_search: False

====================================================================================================
Predictions for Future FLOPs
====================================================================================================

overall (Model: logistic)
Config: TR:(0, 15), RR:False
Equation: y = 0.00 + 13.39/(1+(10/x)^0.72) [C0 fixed]
  FLOPs=30000: 13.3531
  FLOPs=40000: 13.3609
  FLOPs=50000: 13.3660
  FLOPs=60000: 13.3695
Wrote metrics to /mnt/public/dingbowen/RETU/analysis/flops_estimate_kit/fit_result/general/ckpt360/metrics.json
[fit] output_scene=general sft_scene=general ckpt=3600
[fit] figure=/mnt/public/dingbowen/RETU/analysis/flops_estimate_kit/fit_result/general/ckpt3600/qwen_2_5_7b_sft_general_dapo_3600_max_step_auto_fit18_hparam_best.png
Selected hyperparameters
  fit_points_num=18
  train_split=None
  val_split=None
  use_robust_reg=False
  lts_alpha=0.75
  outlier_threshold=4.0
  val_most=100
  free_c0=False
SFT step=360 segment_steps=360 cumulative_eflops=34.92
SFT step=720 segment_steps=360 cumulative_eflops=69.84
SFT step=1080 segment_steps=360 cumulative_eflops=104.76
SFT step=1440 segment_steps=360 cumulative_eflops=139.68
SFT step=1800 segment_steps=360 cumulative_eflops=174.6
SFT step=3600 segment_steps=1800 cumulative_eflops=349.18
SFT step=5400 segment_steps=1800 cumulative_eflops=523.76
SFT step=7200 segment_steps=1800 cumulative_eflops=698.34
SFT step=9000 segment_steps=1800 cumulative_eflops=872.92
SFT step=10800 segment_steps=1800 cumulative_eflops=1047.5
SFT step=12600 segment_steps=1800 cumulative_eflops=1222.08
SFT step=14080 segment_steps=1480 cumulative_eflops=1365.62
Loading general_flops2valPerform_sft_dict.pkl from /mnt/public/dingbowen/RETU/analysis/flops_estimate_kit/cache/sft/general_flops2valPerform_sft_dict.pkl
Loading general_step2flops2valPerform_dapo_ckpt3600.pkl from /mnt/public/dingbowen/RETU/analysis/flops_estimate_kit/cache/sft_then_rl/general/general_step2flops2valPerform_dapo_ckpt3600.pkl
step2flops_per_ckpt: {0: 0, 360: 34.92, 720: 69.84, 1080: 104.76, 1440: 139.68, 1800: 174.6, 3600: 349.18, 5400: 523.76, 7200: 698.34, 9000: 872.92, 10800: 1047.5, 12600: 1222.08, 14080: 1365.62}
branch_flops: {3600: 349.2}
Config set for benchmark 'overall': {'split_mode': 'index', 'train_range': (0, 18), 'val_range': (18, 100), 'detect_outliers': True, 'outlier_threshold': 4.0, 'use_robust_regression': False, 'lts_alpha': 0.75, 'model_types': ['logistic'], 'metric': 'auto', 'fixed_C0': 0, 'exclude_nonpositive_val': False}

Analyzing SFT Checkpoint 3600
Default config: {'split_mode': 'index', 'train_range': (0, 60), 'val_range': (60, 100), 'detect_outliers': True, 'outlier_threshold': 2.5, 'use_robust_regression': False, 'lts_alpha': 0.75, 'model_types': 'auto', 'metric': 'val_rmse', 'fixed_C0': 0, 'exclude_nonpositive_val': False}
Benchmark-specific config applied to 1 benchmarks
use fit_logistic_grid_search: False
use fit_logistic_grid_search: False
Figure saved to: /mnt/public/dingbowen/RETU/analysis/flops_estimate_kit/fit_result/general/ckpt3600/qwen_2_5_7b_sft_general_dapo_3600_max_step_auto_fit18_hparam_best.png

==================================================================================================================================
SFT Checkpoint 3600 - Summary of Best Models
Selected 1 benchmarks
==================================================================================================================================
use fit_logistic_grid_search: False
use fit_logistic_grid_search: False
Benchmark | Model    | Train R² | Val R²  | Val RMSE | AIC   | BIC   | Mode | Config    
----------------------------------------------------------------------------------------
overall   | logistic | 0.9558   | -0.1057 | 0.3501   | -29.3 | -26.6 | inde | TR:(0, 18)
use fit_logistic_grid_search: False
use fit_logistic_grid_search: False

====================================================================================================
Predictions for Future FLOPs
====================================================================================================

overall (Model: logistic)
Config: TR:(0, 18), RR:False
Equation: y = 0.00 + 6.64/(1+(13/x)^1.63) [C0 fixed]
  FLOPs=30000: 6.6360
  FLOPs=40000: 6.6360
  FLOPs=50000: 6.6360
  FLOPs=60000: 6.6360
Wrote metrics to /mnt/public/dingbowen/RETU/analysis/flops_estimate_kit/fit_result/general/ckpt3600/metrics.json
[fit] output_scene=general sft_scene=general ckpt=5400
[fit] figure=/mnt/public/dingbowen/RETU/analysis/flops_estimate_kit/fit_result/general/ckpt5400/qwen_2_5_7b_sft_general_dapo_5400_max_step_auto_fit15_hparam_best.png
Selected hyperparameters
  fit_points_num=15
  train_split=None
  val_split=None
  use_robust_reg=False
  lts_alpha=0.75
  outlier_threshold=2.5
  val_most=100
  free_c0=False
SFT step=360 segment_steps=360 cumulative_eflops=34.92
SFT step=720 segment_steps=360 cumulative_eflops=69.84
SFT step=1080 segment_steps=360 cumulative_eflops=104.76
SFT step=1440 segment_steps=360 cumulative_eflops=139.68
SFT step=1800 segment_steps=360 cumulative_eflops=174.6
SFT step=3600 segment_steps=1800 cumulative_eflops=349.18
SFT step=5400 segment_steps=1800 cumulative_eflops=523.76
SFT step=7200 segment_steps=1800 cumulative_eflops=698.34
SFT step=9000 segment_steps=1800 cumulative_eflops=872.92
SFT step=10800 segment_steps=1800 cumulative_eflops=1047.5
SFT step=12600 segment_steps=1800 cumulative_eflops=1222.08
SFT step=14080 segment_steps=1480 cumulative_eflops=1365.62
Loading general_flops2valPerform_sft_dict.pkl from /mnt/public/dingbowen/RETU/analysis/flops_estimate_kit/cache/sft/general_flops2valPerform_sft_dict.pkl
Loading general_step2flops2valPerform_dapo_ckpt5400.pkl from /mnt/public/dingbowen/RETU/analysis/flops_estimate_kit/cache/sft_then_rl/general/general_step2flops2valPerform_dapo_ckpt5400.pkl
step2flops_per_ckpt: {0: 0, 360: 34.92, 720: 69.84, 1080: 104.76, 1440: 139.68, 1800: 174.6, 3600: 349.18, 5400: 523.76, 7200: 698.34, 9000: 872.92, 10800: 1047.5, 12600: 1222.08, 14080: 1365.62}
branch_flops: {5400: 523.8}
Config set for benchmark 'overall': {'split_mode': 'index', 'train_range': (0, 15), 'val_range': (15, 100), 'detect_outliers': True, 'outlier_threshold': 2.5, 'use_robust_regression': False, 'lts_alpha': 0.75, 'model_types': ['logistic'], 'metric': 'auto', 'fixed_C0': 0, 'exclude_nonpositive_val': False}

Analyzing SFT Checkpoint 5400
Default config: {'split_mode': 'index', 'train_range': (0, 60), 'val_range': (60, 100), 'detect_outliers': True, 'outlier_threshold': 2.5, 'use_robust_regression': False, 'lts_alpha': 0.75, 'model_types': 'auto', 'metric': 'val_rmse', 'fixed_C0': 0, 'exclude_nonpositive_val': False}
Benchmark-specific config applied to 1 benchmarks
use fit_logistic_grid_search: False
use fit_logistic_grid_search: False
Figure saved to: /mnt/public/dingbowen/RETU/analysis/flops_estimate_kit/fit_result/general/ckpt5400/qwen_2_5_7b_sft_general_dapo_5400_max_step_auto_fit15_hparam_best.png

==================================================================================================================================
SFT Checkpoint 5400 - Summary of Best Models
Selected 1 benchmarks
==================================================================================================================================
use fit_logistic_grid_search: False
use fit_logistic_grid_search: False
Benchmark | Model    | Train R² | Val R²  | Val RMSE | AIC   | BIC   | Mode | Config    
----------------------------------------------------------------------------------------
overall   | logistic | 0.9774   | -0.3447 | 0.4626   | -35.7 | -33.6 | inde | TR:(0, 15)
use fit_logistic_grid_search: False
use fit_logistic_grid_search: False

====================================================================================================
Predictions for Future FLOPs
====================================================================================================

overall (Model: logistic)
Config: TR:(0, 15), RR:False
Equation: y = 0.00 + 5.34/(1+(13/x)^2.16) [C0 fixed]
  FLOPs=30000: 5.3444
  FLOPs=40000: 5.3444
  FLOPs=50000: 5.3444
  FLOPs=60000: 5.3444
Wrote metrics to /mnt/public/dingbowen/RETU/analysis/flops_estimate_kit/fit_result/general/ckpt5400/metrics.json
[fit] output_scene=general sft_scene=general ckpt=720
[fit] figure=/mnt/public/dingbowen/RETU/analysis/flops_estimate_kit/fit_result/general/ckpt720/qwen_2_5_7b_sft_general_dapo_720_max_step_auto_fit18_hparam_best.png
Selected hyperparameters
  fit_points_num=18
  train_split=None
  val_split=None
  use_robust_reg=True
  lts_alpha=0.75
  outlier_threshold=3.0
  val_most=100
  free_c0=False
SFT step=360 segment_steps=360 cumulative_eflops=34.92
SFT step=720 segment_steps=360 cumulative_eflops=69.84
SFT step=1080 segment_steps=360 cumulative_eflops=104.76
SFT step=1440 segment_steps=360 cumulative_eflops=139.68
SFT step=1800 segment_steps=360 cumulative_eflops=174.6
SFT step=3600 segment_steps=1800 cumulative_eflops=349.18
SFT step=5400 segment_steps=1800 cumulative_eflops=523.76
SFT step=7200 segment_steps=1800 cumulative_eflops=698.34
SFT step=9000 segment_steps=1800 cumulative_eflops=872.92
SFT step=10800 segment_steps=1800 cumulative_eflops=1047.5
SFT step=12600 segment_steps=1800 cumulative_eflops=1222.08
SFT step=14080 segment_steps=1480 cumulative_eflops=1365.62
Loading general_flops2valPerform_sft_dict.pkl from /mnt/public/dingbowen/RETU/analysis/flops_estimate_kit/cache/sft/general_flops2valPerform_sft_dict.pkl
Loading general_step2flops2valPerform_dapo_ckpt720.pkl from /mnt/public/dingbowen/RETU/analysis/flops_estimate_kit/cache/sft_then_rl/general/general_step2flops2valPerform_dapo_ckpt720.pkl
step2flops_per_ckpt: {0: 0, 360: 34.92, 720: 69.84, 1080: 104.76, 1440: 139.68, 1800: 174.6, 3600: 349.18, 5400: 523.76, 7200: 698.34, 9000: 872.92, 10800: 1047.5, 12600: 1222.08, 14080: 1365.62}
branch_flops: {720: 69.84}
Config set for benchmark 'overall': {'split_mode': 'index', 'train_range': (0, 18), 'val_range': (18, 100), 'detect_outliers': True, 'outlier_threshold': 3.0, 'use_robust_regression': True, 'lts_alpha': 0.75, 'model_types': ['logistic'], 'metric': 'auto', 'fixed_C0': 0, 'exclude_nonpositive_val': False}

Analyzing SFT Checkpoint 720
Default config: {'split_mode': 'index', 'train_range': (0, 60), 'val_range': (60, 100), 'detect_outliers': True, 'outlier_threshold': 2.5, 'use_robust_regression': False, 'lts_alpha': 0.75, 'model_types': 'auto', 'metric': 'val_rmse', 'fixed_C0': 0, 'exclude_nonpositive_val': False}
Benchmark-specific config applied to 1 benchmarks
Figure saved to: /mnt/public/dingbowen/RETU/analysis/flops_estimate_kit/fit_result/general/ckpt720/qwen_2_5_7b_sft_general_dapo_720_max_step_auto_fit18_hparam_best.png

==================================================================================================================================
SFT Checkpoint 720 - Summary of Best Models
Selected 1 benchmarks
==================================================================================================================================
Benchmark | Model    | Train R² | Val R² | Val RMSE | AIC   | BIC   | Mode | Config    
---------------------------------------------------------------------------------------
overall   | logistic | 0.9535   | 0.0744 | 0.6084   | -15.4 | -13.7 | inde | TR:(0, 18)

====================================================================================================
Predictions for Future FLOPs
====================================================================================================

overall (Model: logistic)
Config: TR:(0, 18), RR:True
Equation: y = 0.00 + 8.75/(1+(8/x)^0.98) [C0 fixed]
  FLOPs=30000: 8.7455
  FLOPs=40000: 8.7462
  FLOPs=50000: 8.7466
  FLOPs=60000: 8.7469
Wrote metrics to /mnt/public/dingbowen/RETU/analysis/flops_estimate_kit/fit_result/general/ckpt720/metrics.json
[fit] output_scene=general sft_scene=general ckpt=7200
[fit] figure=/mnt/public/dingbowen/RETU/analysis/flops_estimate_kit/fit_result/general/ckpt7200/qwen_2_5_7b_sft_general_dapo_7200_max_step_auto_fit13_hparam_best.png
Selected hyperparameters
  fit_points_num=13
  train_split=None
  val_split=None
  use_robust_reg=True
  lts_alpha=0.75
  outlier_threshold=2.5
  val_most=100
  free_c0=False
SFT step=360 segment_steps=360 cumulative_eflops=34.92
SFT step=720 segment_steps=360 cumulative_eflops=69.84
SFT step=1080 segment_steps=360 cumulative_eflops=104.76
SFT step=1440 segment_steps=360 cumulative_eflops=139.68
SFT step=1800 segment_steps=360 cumulative_eflops=174.6
SFT step=3600 segment_steps=1800 cumulative_eflops=349.18
SFT step=5400 segment_steps=1800 cumulative_eflops=523.76
SFT step=7200 segment_steps=1800 cumulative_eflops=698.34
SFT step=9000 segment_steps=1800 cumulative_eflops=872.92
SFT step=10800 segment_steps=1800 cumulative_eflops=1047.5
SFT step=12600 segment_steps=1800 cumulative_eflops=1222.08
SFT step=14080 segment_steps=1480 cumulative_eflops=1365.62
Loading general_flops2valPerform_sft_dict.pkl from /mnt/public/dingbowen/RETU/analysis/flops_estimate_kit/cache/sft/general_flops2valPerform_sft_dict.pkl
Loading general_step2flops2valPerform_dapo_ckpt7200.pkl from /mnt/public/dingbowen/RETU/analysis/flops_estimate_kit/cache/sft_then_rl/general/general_step2flops2valPerform_dapo_ckpt7200.pkl
step2flops_per_ckpt: {0: 0, 360: 34.92, 720: 69.84, 1080: 104.76, 1440: 139.68, 1800: 174.6, 3600: 349.18, 5400: 523.76, 7200: 698.34, 9000: 872.92, 10800: 1047.5, 12600: 1222.08, 14080: 1365.62}
branch_flops: {7200: 698.4}
Config set for benchmark 'overall': {'split_mode': 'index', 'train_range': (0, 13), 'val_range': (13, 100), 'detect_outliers': True, 'outlier_threshold': 2.5, 'use_robust_regression': True, 'lts_alpha': 0.75, 'model_types': ['logistic'], 'metric': 'auto', 'fixed_C0': 0, 'exclude_nonpositive_val': False}

Analyzing SFT Checkpoint 7200
Default config: {'split_mode': 'index', 'train_range': (0, 60), 'val_range': (60, 100), 'detect_outliers': True, 'outlier_threshold': 2.5, 'use_robust_regression': False, 'lts_alpha': 0.75, 'model_types': 'auto', 'metric': 'val_rmse', 'fixed_C0': 0, 'exclude_nonpositive_val': False}
Benchmark-specific config applied to 1 benchmarks
Figure saved to: /mnt/public/dingbowen/RETU/analysis/flops_estimate_kit/fit_result/general/ckpt7200/qwen_2_5_7b_sft_general_dapo_7200_max_step_auto_fit13_hparam_best.png

==================================================================================================================================
SFT Checkpoint 7200 - Summary of Best Models
Selected 1 benchmarks
==================================================================================================================================
Benchmark | Model    | Train R² | Val R² | Val RMSE | AIC   | BIC   | Mode | Config    
---------------------------------------------------------------------------------------
overall   | logistic | 0.9999   | 0.3731 | 0.4840   | -30.6 | -31.2 | inde | TR:(0, 13)

====================================================================================================
Predictions for Future FLOPs
====================================================================================================

overall (Model: logistic)
Config: TR:(0, 13), RR:True
Equation: y = 0.00 + 6.68/(1+(16/x)^1.59) [C0 fixed]
  FLOPs=30000: 6.6834
  FLOPs=40000: 6.6834
  FLOPs=50000: 6.6834
  FLOPs=60000: 6.6834
Wrote metrics to /mnt/public/dingbowen/RETU/analysis/flops_estimate_kit/fit_result/general/ckpt7200/metrics.json
[fit] output_scene=general sft_scene=general ckpt=9000
[fit] figure=/mnt/public/dingbowen/RETU/analysis/flops_estimate_kit/fit_result/general/ckpt9000/qwen_2_5_7b_sft_general_dapo_9000_max_step_auto_fit22_hparam_best.png
Selected hyperparameters
  fit_points_num=22
  train_split=None
  val_split=None
  use_robust_reg=False
  lts_alpha=0.75
  outlier_threshold=2.5
  val_most=100
  free_c0=False
SFT step=360 segment_steps=360 cumulative_eflops=34.92
SFT step=720 segment_steps=360 cumulative_eflops=69.84
SFT step=1080 segment_steps=360 cumulative_eflops=104.76
SFT step=1440 segment_steps=360 cumulative_eflops=139.68
SFT step=1800 segment_steps=360 cumulative_eflops=174.6
SFT step=3600 segment_steps=1800 cumulative_eflops=349.18
SFT step=5400 segment_steps=1800 cumulative_eflops=523.76
SFT step=7200 segment_steps=1800 cumulative_eflops=698.34
SFT step=9000 segment_steps=1800 cumulative_eflops=872.92
SFT step=10800 segment_steps=1800 cumulative_eflops=1047.5
SFT step=12600 segment_steps=1800 cumulative_eflops=1222.08
SFT step=14080 segment_steps=1480 cumulative_eflops=1365.62
Loading general_flops2valPerform_sft_dict.pkl from /mnt/public/dingbowen/RETU/analysis/flops_estimate_kit/cache/sft/general_flops2valPerform_sft_dict.pkl
Loading general_step2flops2valPerform_dapo_ckpt9000.pkl from /mnt/public/dingbowen/RETU/analysis/flops_estimate_kit/cache/sft_then_rl/general/general_step2flops2valPerform_dapo_ckpt9000.pkl
step2flops_per_ckpt: {0: 0, 360: 34.92, 720: 69.84, 1080: 104.76, 1440: 139.68, 1800: 174.6, 3600: 349.18, 5400: 523.76, 7200: 698.34, 9000: 872.92, 10800: 1047.5, 12600: 1222.08, 14080: 1365.62}
branch_flops: {9000: 873.0}
Config set for benchmark 'overall': {'split_mode': 'index', 'train_range': (0, 22), 'val_range': (22, 100), 'detect_outliers': True, 'outlier_threshold': 2.5, 'use_robust_regression': False, 'lts_alpha': 0.75, 'model_types': ['logistic'], 'metric': 'auto', 'fixed_C0': 0, 'exclude_nonpositive_val': False}

Analyzing SFT Checkpoint 9000
Default config: {'split_mode': 'index', 'train_range': (0, 60), 'val_range': (60, 100), 'detect_outliers': True, 'outlier_threshold': 2.5, 'use_robust_regression': False, 'lts_alpha': 0.75, 'model_types': 'auto', 'metric': 'val_rmse', 'fixed_C0': 0, 'exclude_nonpositive_val': False}
Benchmark-specific config applied to 1 benchmarks
use fit_logistic_grid_search: False
use fit_logistic_grid_search: False
Figure saved to: /mnt/public/dingbowen/RETU/analysis/flops_estimate_kit/fit_result/general/ckpt9000/qwen_2_5_7b_sft_general_dapo_9000_max_step_auto_fit22_hparam_best.png

==================================================================================================================================
SFT Checkpoint 9000 - Summary of Best Models
Selected 1 benchmarks
==================================================================================================================================
use fit_logistic_grid_search: False
use fit_logistic_grid_search: False
Benchmark | Model    | Train R² | Val R² | Val RMSE | AIC   | BIC   | Mode | Config    
---------------------------------------------------------------------------------------
overall   | logistic | 0.9522   | 0.0748 | 0.1421   | -33.9 | -30.7 | inde | TR:(0, 22)
use fit_logistic_grid_search: False
use fit_logistic_grid_search: False

====================================================================================================
Predictions for Future FLOPs
====================================================================================================

overall (Model: logistic)
Config: TR:(0, 22), RR:False
Equation: y = 0.00 + 6.71/(1+(13/x)^1.77) [C0 fixed]
  FLOPs=30000: 6.7094
  FLOPs=40000: 6.7094
  FLOPs=50000: 6.7094
  FLOPs=60000: 6.7094
Wrote metrics to /mnt/public/dingbowen/RETU/analysis/flops_estimate_kit/fit_result/general/ckpt9000/metrics.json
[fit] output_scene=easy102K sft_scene=general ckpt=0
[fit] figure=/mnt/public/dingbowen/RETU/analysis/flops_estimate_kit/fit_result/easy102K/ckpt0/qwen_2_5_7b_sft_general_dapo_0_max_step_auto_fit34_hparam_best.png
Selected hyperparameters
  fit_points_num=34
  train_split=None
  val_split=None
  use_robust_reg=False
  lts_alpha=0.75
  outlier_threshold=2.5
  val_most=100
  free_c0=False
SFT step=360 segment_steps=360 cumulative_eflops=34.92
SFT step=720 segment_steps=360 cumulative_eflops=69.84
SFT step=1080 segment_steps=360 cumulative_eflops=104.76
SFT step=1440 segment_steps=360 cumulative_eflops=139.68
SFT step=1800 segment_steps=360 cumulative_eflops=174.6
SFT step=3600 segment_steps=1800 cumulative_eflops=349.18
SFT step=5400 segment_steps=1800 cumulative_eflops=523.76
SFT step=7200 segment_steps=1800 cumulative_eflops=698.34
SFT step=9000 segment_steps=1800 cumulative_eflops=872.92
SFT step=10800 segment_steps=1800 cumulative_eflops=1047.5
SFT step=12600 segment_steps=1800 cumulative_eflops=1222.08
SFT step=14080 segment_steps=1480 cumulative_eflops=1365.62
Loading general_flops2valPerform_sft_dict.pkl from /mnt/public/dingbowen/RETU/analysis/flops_estimate_kit/cache/sft/general_flops2valPerform_sft_dict.pkl
Loading general_step2flops2valPerform_dapo_ckpt0.pkl from /mnt/public/dingbowen/RETU/analysis/flops_estimate_kit/cache/sft_then_rl/general/general_step2flops2valPerform_dapo_ckpt0.pkl
step2flops_per_ckpt: {0: 0, 360: 34.92, 720: 69.84, 1080: 104.76, 1440: 139.68, 1800: 174.6, 3600: 349.18, 5400: 523.76, 7200: 698.34, 9000: 872.92, 10800: 1047.5, 12600: 1222.08, 14080: 1365.62}
branch_flops: {0: 0}
Config set for benchmark 'overall': {'split_mode': 'index', 'train_range': (0, 34), 'val_range': (34, 100), 'detect_outliers': True, 'outlier_threshold': 2.5, 'use_robust_regression': False, 'lts_alpha': 0.75, 'model_types': ['logistic'], 'metric': 'auto', 'fixed_C0': 0, 'exclude_nonpositive_val': False}

Analyzing SFT Checkpoint 0
Default config: {'split_mode': 'index', 'train_range': (0, 60), 'val_range': (60, 100), 'detect_outliers': True, 'outlier_threshold': 2.5, 'use_robust_regression': False, 'lts_alpha': 0.75, 'model_types': 'auto', 'metric': 'val_rmse', 'fixed_C0': 0, 'exclude_nonpositive_val': False}
Benchmark-specific config applied to 1 benchmarks
use fit_logistic_grid_search: False
use fit_logistic_grid_search: False
Figure saved to: /mnt/public/dingbowen/RETU/analysis/flops_estimate_kit/fit_result/easy102K/ckpt0/qwen_2_5_7b_sft_general_dapo_0_max_step_auto_fit34_hparam_best.png

==================================================================================================================================
SFT Checkpoint 0 - Summary of Best Models
Selected 1 benchmarks
==================================================================================================================================
use fit_logistic_grid_search: False
use fit_logistic_grid_search: False
Benchmark | Model    | Train R² | Val R²  | Val RMSE | AIC   | BIC   | Mode | Config    
----------------------------------------------------------------------------------------
overall   | logistic | 0.9843   | -0.1090 | 0.3607   | -20.7 | -16.1 | inde | TR:(0, 34)
use fit_logistic_grid_search: False
use fit_logistic_grid_search: False

====================================================================================================
Predictions for Future FLOPs
====================================================================================================

overall (Model: logistic)
Config: TR:(0, 34), RR:False
Equation: y = 0.00 + 25.25/(1+(1/x)^1.18) [C0 fixed]
  FLOPs=30000: 25.2462
  FLOPs=40000: 25.2463
  FLOPs=50000: 25.2463
  FLOPs=60000: 25.2463
Wrote metrics to /mnt/public/dingbowen/RETU/analysis/flops_estimate_kit/fit_result/easy102K/ckpt0/metrics.json
[fit] output_scene=easy102K sft_scene=easy102K ckpt=1080
[fit] figure=/mnt/public/dingbowen/RETU/analysis/flops_estimate_kit/fit_result/easy102K/ckpt1080/qwen_2_5_7b_sft_easy102K_dapo_1080_max_step_auto_fit63_fp63_rob0_lts0.75_ot2.5_vm100.png
Selected hyperparameters
  fit_points_num=63
  train_split=None
  val_split=None
  use_robust_reg=False
  lts_alpha=0.75
  outlier_threshold=2.5
  val_most=100
  free_c0=False
SFT step=360 segment_steps=360 cumulative_eflops=19.76
SFT step=720 segment_steps=360 cumulative_eflops=39.52
SFT step=1080 segment_steps=360 cumulative_eflops=59.28
SFT step=1440 segment_steps=360 cumulative_eflops=79.04
SFT step=1800 segment_steps=360 cumulative_eflops=98.8
SFT step=6120 segment_steps=4320 cumulative_eflops=335.95
Loading easy102K_flops2valPerform_sft_dict.pkl from /mnt/public/dingbowen/RETU/analysis/flops_estimate_kit/cache/sft/easy102K_flops2valPerform_sft_dict.pkl
Loading easy102K_step2flops2valPerform_dapo_ckpt1080.pkl from /mnt/public/dingbowen/RETU/analysis/flops_estimate_kit/cache/sft_then_rl/easy102K/easy102K_step2flops2valPerform_dapo_ckpt1080.pkl
step2flops_per_ckpt: {0: 0, 360: 19.76, 720: 39.52, 1080: 59.28, 1440: 79.04, 1800: 98.8, 6120: 335.95}
branch_flops: {1080: 59.28}
Config set for benchmark 'overall': {'split_mode': 'index', 'train_range': (0, 63), 'val_range': (63, 100), 'detect_outliers': True, 'outlier_threshold': 2.5, 'use_robust_regression': False, 'lts_alpha': 0.75, 'model_types': ['logistic'], 'metric': 'auto', 'fixed_C0': 0, 'exclude_nonpositive_val': False}

Analyzing SFT Checkpoint 1080
Default config: {'split_mode': 'index', 'train_range': (0, 60), 'val_range': (60, 100), 'detect_outliers': True, 'outlier_threshold': 2.5, 'use_robust_regression': False, 'lts_alpha': 0.75, 'model_types': 'auto', 'metric': 'val_rmse', 'fixed_C0': 0, 'exclude_nonpositive_val': False}
Benchmark-specific config applied to 1 benchmarks
use fit_logistic_grid_search: False
use fit_logistic_grid_search: False
use fit_logistic_grid_search: False
Figure saved to: /mnt/public/dingbowen/RETU/analysis/flops_estimate_kit/fit_result/easy102K/ckpt1080/qwen_2_5_7b_sft_easy102K_dapo_1080_max_step_auto_fit63_fp63_rob0_lts0.75_ot2.5_vm100.png

==================================================================================================================================
SFT Checkpoint 1080 - Summary of Best Models
Selected 1 benchmarks
==================================================================================================================================
use fit_logistic_grid_search: False
use fit_logistic_grid_search: False
use fit_logistic_grid_search: False
Benchmark | Model    | Train R² | Val R² | Val RMSE | AIC    | BIC    | Mode | Config    
-----------------------------------------------------------------------------------------
overall   | logistic | 0.7287   | 0.0366 | 0.2392   | -141.6 | -135.3 | inde | TR:(0, 63)
use fit_logistic_grid_search: False
use fit_logistic_grid_search: False
use fit_logistic_grid_search: False

====================================================================================================
Predictions for Future FLOPs
====================================================================================================

overall (Model: logistic)
Config: TR:(0, 63), RR:False
Equation: y = 0.00 + 4.60/(1+(135/x)^0.44) [C0 fixed]
  FLOPs=30000: 4.2141
  FLOPs=40000: 4.2570
  FLOPs=50000: 4.2873
  FLOPs=60000: 4.3102
Wrote metrics to /mnt/public/dingbowen/RETU/analysis/flops_estimate_kit/fit_result/easy102K/ckpt1080/metrics.json
[fit] output_scene=easy102K sft_scene=easy102K ckpt=1440
[fit] figure=/mnt/public/dingbowen/RETU/analysis/flops_estimate_kit/fit_result/easy102K/ckpt1440/qwen_2_5_7b_sft_easy102K_dapo_1440_max_step_auto_fit37_hparam_best.png
Selected hyperparameters
  fit_points_num=37
  train_split=None
  val_split=None
  use_robust_reg=True
  lts_alpha=0.75
  outlier_threshold=2.5
  val_most=100
  free_c0=False
SFT step=360 segment_steps=360 cumulative_eflops=19.76
SFT step=720 segment_steps=360 cumulative_eflops=39.52
SFT step=1080 segment_steps=360 cumulative_eflops=59.28
SFT step=1440 segment_steps=360 cumulative_eflops=79.04
SFT step=1800 segment_steps=360 cumulative_eflops=98.8
SFT step=6120 segment_steps=4320 cumulative_eflops=335.95
Loading easy102K_flops2valPerform_sft_dict.pkl from /mnt/public/dingbowen/RETU/analysis/flops_estimate_kit/cache/sft/easy102K_flops2valPerform_sft_dict.pkl
Loading easy102K_step2flops2valPerform_dapo_ckpt1440.pkl from /mnt/public/dingbowen/RETU/analysis/flops_estimate_kit/cache/sft_then_rl/easy102K/easy102K_step2flops2valPerform_dapo_ckpt1440.pkl
step2flops_per_ckpt: {0: 0, 360: 19.76, 720: 39.52, 1080: 59.28, 1440: 79.04, 1800: 98.8, 6120: 335.95}
branch_flops: {1440: 79.04}
Config set for benchmark 'overall': {'split_mode': 'index', 'train_range': (0, 37), 'val_range': (37, 100), 'detect_outliers': True, 'outlier_threshold': 2.5, 'use_robust_regression': True, 'lts_alpha': 0.75, 'model_types': ['logistic'], 'metric': 'auto', 'fixed_C0': 0, 'exclude_nonpositive_val': False}

Analyzing SFT Checkpoint 1440
Default config: {'split_mode': 'index', 'train_range': (0, 60), 'val_range': (60, 100), 'detect_outliers': True, 'outlier_threshold': 2.5, 'use_robust_regression': False, 'lts_alpha': 0.75, 'model_types': 'auto', 'metric': 'val_rmse', 'fixed_C0': 0, 'exclude_nonpositive_val': False}
Benchmark-specific config applied to 1 benchmarks
Figure saved to: /mnt/public/dingbowen/RETU/analysis/flops_estimate_kit/fit_result/easy102K/ckpt1440/qwen_2_5_7b_sft_easy102K_dapo_1440_max_step_auto_fit37_hparam_best.png

==================================================================================================================================
SFT Checkpoint 1440 - Summary of Best Models
Selected 1 benchmarks
==================================================================================================================================
Benchmark | Model    | Train R² | Val R² | Val RMSE | AIC   | BIC   | Mode | Config    
---------------------------------------------------------------------------------------
overall   | logistic | 0.8488   | 0.0672 | 0.3566   | -67.1 | -63.2 | inde | TR:(0, 37)

====================================================================================================
Predictions for Future FLOPs
====================================================================================================

overall (Model: logistic)
Config: TR:(0, 37), RR:True
Equation: y = 0.00 + 2.04/(1+(41/x)^1.98) [C0 fixed]
  FLOPs=30000: 2.0410
  FLOPs=40000: 2.0410
  FLOPs=50000: 2.0410
  FLOPs=60000: 2.0410
Wrote metrics to /mnt/public/dingbowen/RETU/analysis/flops_estimate_kit/fit_result/easy102K/ckpt1440/metrics.json
[fit] output_scene=easy102K sft_scene=easy102K ckpt=1800
[fit] figure=/mnt/public/dingbowen/RETU/analysis/flops_estimate_kit/fit_result/easy102K/ckpt1800/qwen_2_5_7b_sft_easy102K_dapo_1800_max_step_auto_fit15_hparam_best.png
Selected hyperparameters
  fit_points_num=15
  train_split=None
  val_split=None
  use_robust_reg=False
  lts_alpha=0.75
  outlier_threshold=2.5
  val_most=100
  free_c0=False
SFT step=360 segment_steps=360 cumulative_eflops=19.76
SFT step=720 segment_steps=360 cumulative_eflops=39.52
SFT step=1080 segment_steps=360 cumulative_eflops=59.28
SFT step=1440 segment_steps=360 cumulative_eflops=79.04
SFT step=1800 segment_steps=360 cumulative_eflops=98.8
SFT step=6120 segment_steps=4320 cumulative_eflops=335.95
Loading easy102K_flops2valPerform_sft_dict.pkl from /mnt/public/dingbowen/RETU/analysis/flops_estimate_kit/cache/sft/easy102K_flops2valPerform_sft_dict.pkl
Loading easy102K_step2flops2valPerform_dapo_ckpt1800.pkl from /mnt/public/dingbowen/RETU/analysis/flops_estimate_kit/cache/sft_then_rl/easy102K/easy102K_step2flops2valPerform_dapo_ckpt1800.pkl
step2flops_per_ckpt: {0: 0, 360: 19.76, 720: 39.52, 1080: 59.28, 1440: 79.04, 1800: 98.8, 6120: 335.95}
branch_flops: {1800: 98.8}
Config set for benchmark 'overall': {'split_mode': 'index', 'train_range': (0, 15), 'val_range': (15, 100), 'detect_outliers': True, 'outlier_threshold': 2.5, 'use_robust_regression': False, 'lts_alpha': 0.75, 'model_types': ['logistic'], 'metric': 'auto', 'fixed_C0': 0, 'exclude_nonpositive_val': False}

Analyzing SFT Checkpoint 1800
Default config: {'split_mode': 'index', 'train_range': (0, 60), 'val_range': (60, 100), 'detect_outliers': True, 'outlier_threshold': 2.5, 'use_robust_regression': False, 'lts_alpha': 0.75, 'model_types': 'auto', 'metric': 'val_rmse', 'fixed_C0': 0, 'exclude_nonpositive_val': False}
Benchmark-specific config applied to 1 benchmarks
use fit_logistic_grid_search: False
use fit_logistic_grid_search: False
Figure saved to: /mnt/public/dingbowen/RETU/analysis/flops_estimate_kit/fit_result/easy102K/ckpt1800/qwen_2_5_7b_sft_easy102K_dapo_1800_max_step_auto_fit15_hparam_best.png

==================================================================================================================================
SFT Checkpoint 1800 - Summary of Best Models
Selected 1 benchmarks
==================================================================================================================================
use fit_logistic_grid_search: False
use fit_logistic_grid_search: False
Benchmark | Model    | Train R² | Val R² | Val RMSE | AIC   | BIC   | Mode | Config    
---------------------------------------------------------------------------------------
overall   | logistic | 0.6938   | 0.0349 | 0.3306   | -32.5 | -30.4 | inde | TR:(0, 15)
use fit_logistic_grid_search: False
use fit_logistic_grid_search: False

====================================================================================================
Predictions for Future FLOPs
====================================================================================================

overall (Model: logistic)
Config: TR:(0, 15), RR:False
Equation: y = 0.00 + 3.37/(1+(43/x)^0.28) [C0 fixed]
  FLOPs=30000: 2.9098
  FLOPs=40000: 2.9412
  FLOPs=50000: 2.9643
  FLOPs=60000: 2.9823
Wrote metrics to /mnt/public/dingbowen/RETU/analysis/flops_estimate_kit/fit_result/easy102K/ckpt1800/metrics.json
[fit] output_scene=easy102K sft_scene=easy102K ckpt=360
[fit] figure=/mnt/public/dingbowen/RETU/analysis/flops_estimate_kit/fit_result/easy102K/ckpt360/qwen_2_5_7b_sft_easy102K_dapo_360_max_step_auto_fit21_hparam_best.png
Selected hyperparameters
  fit_points_num=21
  train_split=None
  val_split=None
  use_robust_reg=False
  lts_alpha=0.75
  outlier_threshold=2.5
  val_most=100
  free_c0=False
SFT step=360 segment_steps=360 cumulative_eflops=19.76
SFT step=720 segment_steps=360 cumulative_eflops=39.52
SFT step=1080 segment_steps=360 cumulative_eflops=59.28
SFT step=1440 segment_steps=360 cumulative_eflops=79.04
SFT step=1800 segment_steps=360 cumulative_eflops=98.8
SFT step=6120 segment_steps=4320 cumulative_eflops=335.95
Loading easy102K_flops2valPerform_sft_dict.pkl from /mnt/public/dingbowen/RETU/analysis/flops_estimate_kit/cache/sft/easy102K_flops2valPerform_sft_dict.pkl
Loading easy102K_step2flops2valPerform_dapo_ckpt360.pkl from /mnt/public/dingbowen/RETU/analysis/flops_estimate_kit/cache/sft_then_rl/easy102K/easy102K_step2flops2valPerform_dapo_ckpt360.pkl
step2flops_per_ckpt: {0: 0, 360: 19.76, 720: 39.52, 1080: 59.28, 1440: 79.04, 1800: 98.8, 6120: 335.95}
branch_flops: {360: 19.76}
Config set for benchmark 'overall': {'split_mode': 'index', 'train_range': (0, 21), 'val_range': (21, 100), 'detect_outliers': True, 'outlier_threshold': 2.5, 'use_robust_regression': False, 'lts_alpha': 0.75, 'model_types': ['logistic'], 'metric': 'auto', 'fixed_C0': 0, 'exclude_nonpositive_val': False}

Analyzing SFT Checkpoint 360
Default config: {'split_mode': 'index', 'train_range': (0, 60), 'val_range': (60, 100), 'detect_outliers': True, 'outlier_threshold': 2.5, 'use_robust_regression': False, 'lts_alpha': 0.75, 'model_types': 'auto', 'metric': 'val_rmse', 'fixed_C0': 0, 'exclude_nonpositive_val': False}
Benchmark-specific config applied to 1 benchmarks
use fit_logistic_grid_search: False
use fit_logistic_grid_search: False
Figure saved to: /mnt/public/dingbowen/RETU/analysis/flops_estimate_kit/fit_result/easy102K/ckpt360/qwen_2_5_7b_sft_easy102K_dapo_360_max_step_auto_fit21_hparam_best.png

==================================================================================================================================
SFT Checkpoint 360 - Summary of Best Models
Selected 1 benchmarks
==================================================================================================================================
use fit_logistic_grid_search: False
use fit_logistic_grid_search: False
Benchmark | Model    | Train R² | Val R² | Val RMSE | AIC   | BIC   | Mode | Config    
---------------------------------------------------------------------------------------
overall   | logistic | 0.9231   | 0.4492 | 0.5789   | -39.0 | -35.8 | inde | TR:(0, 21)
use fit_logistic_grid_search: False
use fit_logistic_grid_search: False

====================================================================================================
Predictions for Future FLOPs
====================================================================================================

overall (Model: logistic)
Config: TR:(0, 21), RR:False
Equation: y = 0.00 + 5.96/(1+(22/x)^0.97) [C0 fixed]
  FLOPs=30000: 5.9529
  FLOPs=40000: 5.9542
  FLOPs=50000: 5.9550
  FLOPs=60000: 5.9555
Wrote metrics to /mnt/public/dingbowen/RETU/analysis/flops_estimate_kit/fit_result/easy102K/ckpt360/metrics.json
[fit] output_scene=easy102K sft_scene=easy102K ckpt=720
[fit] figure=/mnt/public/dingbowen/RETU/analysis/flops_estimate_kit/fit_result/easy102K/ckpt720/qwen_2_5_7b_sft_easy102K_dapo_720_max_step_auto_fit31_hparam_best.png
Selected hyperparameters
  fit_points_num=31
  train_split=None
  val_split=None
  use_robust_reg=False
  lts_alpha=0.75
  outlier_threshold=2.5
  val_most=100
  free_c0=False
SFT step=360 segment_steps=360 cumulative_eflops=19.76
SFT step=720 segment_steps=360 cumulative_eflops=39.52
SFT step=1080 segment_steps=360 cumulative_eflops=59.28
SFT step=1440 segment_steps=360 cumulative_eflops=79.04
SFT step=1800 segment_steps=360 cumulative_eflops=98.8
SFT step=6120 segment_steps=4320 cumulative_eflops=335.95
Loading easy102K_flops2valPerform_sft_dict.pkl from /mnt/public/dingbowen/RETU/analysis/flops_estimate_kit/cache/sft/easy102K_flops2valPerform_sft_dict.pkl
Loading easy102K_step2flops2valPerform_dapo_ckpt720.pkl from /mnt/public/dingbowen/RETU/analysis/flops_estimate_kit/cache/sft_then_rl/easy102K/easy102K_step2flops2valPerform_dapo_ckpt720.pkl
step2flops_per_ckpt: {0: 0, 360: 19.76, 720: 39.52, 1080: 59.28, 1440: 79.04, 1800: 98.8, 6120: 335.95}
branch_flops: {720: 39.52}
Config set for benchmark 'overall': {'split_mode': 'index', 'train_range': (0, 31), 'val_range': (31, 100), 'detect_outliers': True, 'outlier_threshold': 2.5, 'use_robust_regression': False, 'lts_alpha': 0.75, 'model_types': ['logistic'], 'metric': 'auto', 'fixed_C0': 0, 'exclude_nonpositive_val': False}

Analyzing SFT Checkpoint 720
Default config: {'split_mode': 'index', 'train_range': (0, 60), 'val_range': (60, 100), 'detect_outliers': True, 'outlier_threshold': 2.5, 'use_robust_regression': False, 'lts_alpha': 0.75, 'model_types': 'auto', 'metric': 'val_rmse', 'fixed_C0': 0, 'exclude_nonpositive_val': False}
Benchmark-specific config applied to 1 benchmarks
use fit_logistic_grid_search: False
use fit_logistic_grid_search: False
Figure saved to: /mnt/public/dingbowen/RETU/analysis/flops_estimate_kit/fit_result/easy102K/ckpt720/qwen_2_5_7b_sft_easy102K_dapo_720_max_step_auto_fit31_hparam_best.png

==================================================================================================================================
SFT Checkpoint 720 - Summary of Best Models
Selected 1 benchmarks
==================================================================================================================================
use fit_logistic_grid_search: False
use fit_logistic_grid_search: False
Benchmark | Model    | Train R² | Val R² | Val RMSE | AIC   | BIC   | Mode | Config    
---------------------------------------------------------------------------------------
overall   | logistic | 0.8046   | 0.0801 | 0.4380   | -52.4 | -48.1 | inde | TR:(0, 31)
use fit_logistic_grid_search: False
use fit_logistic_grid_search: False

====================================================================================================
Predictions for Future FLOPs
====================================================================================================

overall (Model: logistic)
Config: TR:(0, 31), RR:False
Equation: y = 0.00 + 5.26/(1+(66/x)^0.81) [C0 fixed]
  FLOPs=30000: 5.2282
  FLOPs=40000: 5.2358
  FLOPs=50000: 5.2406
  FLOPs=60000: 5.2440
Wrote metrics to /mnt/public/dingbowen/RETU/analysis/flops_estimate_kit/fit_result/easy102K/ckpt720/metrics.json
[fit] output_scene=hard102K sft_scene=general ckpt=0
[fit] figure=/mnt/public/dingbowen/RETU/analysis/flops_estimate_kit/fit_result/hard102K/ckpt0/qwen_2_5_7b_sft_general_dapo_0_max_step_auto_fit34_hparam_best.png
Selected hyperparameters
  fit_points_num=34
  train_split=None
  val_split=None
  use_robust_reg=False
  lts_alpha=0.75
  outlier_threshold=2.5
  val_most=100
  free_c0=False
SFT step=360 segment_steps=360 cumulative_eflops=34.92
SFT step=720 segment_steps=360 cumulative_eflops=69.84
SFT step=1080 segment_steps=360 cumulative_eflops=104.76
SFT step=1440 segment_steps=360 cumulative_eflops=139.68
SFT step=1800 segment_steps=360 cumulative_eflops=174.6
SFT step=3600 segment_steps=1800 cumulative_eflops=349.18
SFT step=5400 segment_steps=1800 cumulative_eflops=523.76
SFT step=7200 segment_steps=1800 cumulative_eflops=698.34
SFT step=9000 segment_steps=1800 cumulative_eflops=872.92
SFT step=10800 segment_steps=1800 cumulative_eflops=1047.5
SFT step=12600 segment_steps=1800 cumulative_eflops=1222.08
SFT step=14080 segment_steps=1480 cumulative_eflops=1365.62
Loading general_flops2valPerform_sft_dict.pkl from /mnt/public/dingbowen/RETU/analysis/flops_estimate_kit/cache/sft/general_flops2valPerform_sft_dict.pkl
Loading general_step2flops2valPerform_dapo_ckpt0.pkl from /mnt/public/dingbowen/RETU/analysis/flops_estimate_kit/cache/sft_then_rl/general/general_step2flops2valPerform_dapo_ckpt0.pkl
step2flops_per_ckpt: {0: 0, 360: 34.92, 720: 69.84, 1080: 104.76, 1440: 139.68, 1800: 174.6, 3600: 349.18, 5400: 523.76, 7200: 698.34, 9000: 872.92, 10800: 1047.5, 12600: 1222.08, 14080: 1365.62}
branch_flops: {0: 0}
Config set for benchmark 'overall': {'split_mode': 'index', 'train_range': (0, 34), 'val_range': (34, 100), 'detect_outliers': True, 'outlier_threshold': 2.5, 'use_robust_regression': False, 'lts_alpha': 0.75, 'model_types': ['logistic'], 'metric': 'auto', 'fixed_C0': 0, 'exclude_nonpositive_val': False}

Analyzing SFT Checkpoint 0
Default config: {'split_mode': 'index', 'train_range': (0, 60), 'val_range': (60, 100), 'detect_outliers': True, 'outlier_threshold': 2.5, 'use_robust_regression': False, 'lts_alpha': 0.75, 'model_types': 'auto', 'metric': 'val_rmse', 'fixed_C0': 0, 'exclude_nonpositive_val': False}
Benchmark-specific config applied to 1 benchmarks
use fit_logistic_grid_search: False
use fit_logistic_grid_search: False
Figure saved to: /mnt/public/dingbowen/RETU/analysis/flops_estimate_kit/fit_result/hard102K/ckpt0/qwen_2_5_7b_sft_general_dapo_0_max_step_auto_fit34_hparam_best.png

==================================================================================================================================
SFT Checkpoint 0 - Summary of Best Models
Selected 1 benchmarks
==================================================================================================================================
use fit_logistic_grid_search: False
use fit_logistic_grid_search: False
Benchmark | Model    | Train R² | Val R²  | Val RMSE | AIC   | BIC   | Mode | Config    
----------------------------------------------------------------------------------------
overall   | logistic | 0.9843   | -0.1090 | 0.3607   | -20.7 | -16.1 | inde | TR:(0, 34)
use fit_logistic_grid_search: False
use fit_logistic_grid_search: False

====================================================================================================
Predictions for Future FLOPs
====================================================================================================

overall (Model: logistic)
Config: TR:(0, 34), RR:False
Equation: y = 0.00 + 25.25/(1+(1/x)^1.18) [C0 fixed]
  FLOPs=30000: 25.2462
  FLOPs=40000: 25.2463
  FLOPs=50000: 25.2463
  FLOPs=60000: 25.2463
Wrote metrics to /mnt/public/dingbowen/RETU/analysis/flops_estimate_kit/fit_result/hard102K/ckpt0/metrics.json
[fit] output_scene=hard102K sft_scene=hard102K ckpt=1080
[fit] figure=/mnt/public/dingbowen/RETU/analysis/flops_estimate_kit/fit_result/hard102K/ckpt1080/qwen_2_5_7b_sft_hard102K_dapo_1080_max_step_auto_fit35_hparam_best.png
Selected hyperparameters
  fit_points_num=35
  train_split=None
  val_split=None
  use_robust_reg=True
  lts_alpha=0.85
  outlier_threshold=2.5
  val_most=100
  free_c0=False
SFT step=360 segment_steps=360 cumulative_eflops=89.25
SFT step=720 segment_steps=360 cumulative_eflops=178.5
SFT step=1080 segment_steps=360 cumulative_eflops=267.75
SFT step=1440 segment_steps=360 cumulative_eflops=357.0
SFT step=1800 segment_steps=360 cumulative_eflops=446.25
Loading hard102K_flops2valPerform_sft_dict_0422.pkl from /mnt/public/dingbowen/RETU/analysis/flops_estimate_kit/cache/sft/hard102K_flops2valPerform_sft_dict_0422.pkl
Loading hard102K_step2flops2valPerform_dapo_ckpt1080.pkl from /mnt/public/dingbowen/RETU/analysis/flops_estimate_kit/cache/sft_then_rl/hard102K/hard102K_step2flops2valPerform_dapo_ckpt1080.pkl
step2flops_per_ckpt: {0: 0, 360: 89.25, 720: 178.5, 1080: 267.75, 1440: 357.0, 1800: 446.25}
branch_flops: {1080: 267.75}
Config set for benchmark 'overall': {'split_mode': 'index', 'train_range': (0, 35), 'val_range': (35, 100), 'detect_outliers': True, 'outlier_threshold': 2.5, 'use_robust_regression': True, 'lts_alpha': 0.85, 'model_types': ['logistic'], 'metric': 'auto', 'fixed_C0': 0, 'exclude_nonpositive_val': False}

Analyzing SFT Checkpoint 1080
Default config: {'split_mode': 'index', 'train_range': (0, 60), 'val_range': (60, 100), 'detect_outliers': True, 'outlier_threshold': 2.5, 'use_robust_regression': False, 'lts_alpha': 0.75, 'model_types': 'auto', 'metric': 'val_rmse', 'fixed_C0': 0, 'exclude_nonpositive_val': False}
Benchmark-specific config applied to 1 benchmarks
Figure saved to: /mnt/public/dingbowen/RETU/analysis/flops_estimate_kit/fit_result/hard102K/ckpt1080/qwen_2_5_7b_sft_hard102K_dapo_1080_max_step_auto_fit35_hparam_best.png

==================================================================================================================================
SFT Checkpoint 1080 - Summary of Best Models
Selected 1 benchmarks
==================================================================================================================================
Benchmark | Model    | Train R² | Val R² | Val RMSE | AIC   | BIC   | Mode | Config    
---------------------------------------------------------------------------------------
overall   | logistic | 0.9718   | 0.1875 | 0.4326   | -43.5 | -39.6 | inde | TR:(0, 35)

====================================================================================================
Predictions for Future FLOPs
====================================================================================================

overall (Model: logistic)
Config: TR:(0, 35), RR:True
Equation: y = 0.00 + 6.65/(1+(61/x)^3.54) [C0 fixed]
  FLOPs=30000: 6.6494
  FLOPs=40000: 6.6494
  FLOPs=50000: 6.6494
  FLOPs=60000: 6.6494
Wrote metrics to /mnt/public/dingbowen/RETU/analysis/flops_estimate_kit/fit_result/hard102K/ckpt1080/metrics.json
[fit] output_scene=hard102K sft_scene=hard102K ckpt=1440
[fit] figure=/mnt/public/dingbowen/RETU/analysis/flops_estimate_kit/fit_result/hard102K/ckpt1440/qwen_2_5_7b_sft_hard102K_dapo_1440_max_step_auto_fit26_hparam_best.png
Selected hyperparameters
  fit_points_num=26
  train_split=None
  val_split=None
  use_robust_reg=True
  lts_alpha=0.85
  outlier_threshold=2.5
  val_most=100
  free_c0=False
SFT step=360 segment_steps=360 cumulative_eflops=89.25
SFT step=720 segment_steps=360 cumulative_eflops=178.5
SFT step=1080 segment_steps=360 cumulative_eflops=267.75
SFT step=1440 segment_steps=360 cumulative_eflops=357.0
SFT step=1800 segment_steps=360 cumulative_eflops=446.25
Loading hard102K_flops2valPerform_sft_dict_0422.pkl from /mnt/public/dingbowen/RETU/analysis/flops_estimate_kit/cache/sft/hard102K_flops2valPerform_sft_dict_0422.pkl
Loading hard102K_step2flops2valPerform_dapo_ckpt1440.pkl from /mnt/public/dingbowen/RETU/analysis/flops_estimate_kit/cache/sft_then_rl/hard102K/hard102K_step2flops2valPerform_dapo_ckpt1440.pkl
step2flops_per_ckpt: {0: 0, 360: 89.25, 720: 178.5, 1080: 267.75, 1440: 357.0, 1800: 446.25}
branch_flops: {1440: 357.0}
Config set for benchmark 'overall': {'split_mode': 'index', 'train_range': (0, 26), 'val_range': (26, 100), 'detect_outliers': True, 'outlier_threshold': 2.5, 'use_robust_regression': True, 'lts_alpha': 0.85, 'model_types': ['logistic'], 'metric': 'auto', 'fixed_C0': 0, 'exclude_nonpositive_val': False}

Analyzing SFT Checkpoint 1440
Default config: {'split_mode': 'index', 'train_range': (0, 60), 'val_range': (60, 100), 'detect_outliers': True, 'outlier_threshold': 2.5, 'use_robust_regression': False, 'lts_alpha': 0.75, 'model_types': 'auto', 'metric': 'val_rmse', 'fixed_C0': 0, 'exclude_nonpositive_val': False}
Benchmark-specific config applied to 1 benchmarks
Figure saved to: /mnt/public/dingbowen/RETU/analysis/flops_estimate_kit/fit_result/hard102K/ckpt1440/qwen_2_5_7b_sft_hard102K_dapo_1440_max_step_auto_fit26_hparam_best.png

==================================================================================================================================
SFT Checkpoint 1440 - Summary of Best Models
Selected 1 benchmarks
==================================================================================================================================
Benchmark | Model    | Train R² | Val R²  | Val RMSE | AIC   | BIC   | Mode | Config    
----------------------------------------------------------------------------------------
overall   | logistic | 0.9616   | -0.3231 | 0.4347   | -47.9 | -45.1 | inde | TR:(0, 26)

====================================================================================================
Predictions for Future FLOPs
====================================================================================================

overall (Model: logistic)
Config: TR:(0, 26), RR:True
Equation: y = 0.00 + 3.37/(1+(48/x)^5.52) [C0 fixed]
  FLOPs=30000: 3.3713
  FLOPs=40000: 3.3713
  FLOPs=50000: 3.3713
  FLOPs=60000: 3.3713
Wrote metrics to /mnt/public/dingbowen/RETU/analysis/flops_estimate_kit/fit_result/hard102K/ckpt1440/metrics.json
[fit] output_scene=hard102K sft_scene=hard102K ckpt=1800
[fit] figure=/mnt/public/dingbowen/RETU/analysis/flops_estimate_kit/fit_result/hard102K/ckpt1800/qwen_2_5_7b_sft_hard102K_dapo_1800_max_step_auto_fit27_fp27_rob0_lts0.75_ot2.5_vm100.png
Selected hyperparameters
  fit_points_num=27
  train_split=None
  val_split=None
  use_robust_reg=False
  lts_alpha=0.75
  outlier_threshold=2.5
  val_most=100
  free_c0=False
SFT step=360 segment_steps=360 cumulative_eflops=89.25
SFT step=720 segment_steps=360 cumulative_eflops=178.5
SFT step=1080 segment_steps=360 cumulative_eflops=267.75
SFT step=1440 segment_steps=360 cumulative_eflops=357.0
SFT step=1800 segment_steps=360 cumulative_eflops=446.25
Loading hard102K_flops2valPerform_sft_dict_0422.pkl from /mnt/public/dingbowen/RETU/analysis/flops_estimate_kit/cache/sft/hard102K_flops2valPerform_sft_dict_0422.pkl
Loading hard102K_step2flops2valPerform_dapo_ckpt1800.pkl from /mnt/public/dingbowen/RETU/analysis/flops_estimate_kit/cache/sft_then_rl/hard102K/hard102K_step2flops2valPerform_dapo_ckpt1800.pkl
step2flops_per_ckpt: {0: 0, 360: 89.25, 720: 178.5, 1080: 267.75, 1440: 357.0, 1800: 446.25}
branch_flops: {1800: 446.25}
Config set for benchmark 'overall': {'split_mode': 'index', 'train_range': (0, 27), 'val_range': (27, 100), 'detect_outliers': True, 'outlier_threshold': 2.5, 'use_robust_regression': False, 'lts_alpha': 0.75, 'model_types': ['logistic'], 'metric': 'auto', 'fixed_C0': 0, 'exclude_nonpositive_val': False}

Analyzing SFT Checkpoint 1800
Default config: {'split_mode': 'index', 'train_range': (0, 60), 'val_range': (60, 100), 'detect_outliers': True, 'outlier_threshold': 2.5, 'use_robust_regression': False, 'lts_alpha': 0.75, 'model_types': 'auto', 'metric': 'val_rmse', 'fixed_C0': 0, 'exclude_nonpositive_val': False}
Benchmark-specific config applied to 1 benchmarks
use fit_logistic_grid_search: False
use fit_logistic_grid_search: False
use fit_logistic_grid_search: False
Figure saved to: /mnt/public/dingbowen/RETU/analysis/flops_estimate_kit/fit_result/hard102K/ckpt1800/qwen_2_5_7b_sft_hard102K_dapo_1800_max_step_auto_fit27_fp27_rob0_lts0.75_ot2.5_vm100.png

==================================================================================================================================
SFT Checkpoint 1800 - Summary of Best Models
Selected 1 benchmarks
==================================================================================================================================
use fit_logistic_grid_search: False
use fit_logistic_grid_search: False
use fit_logistic_grid_search: False
Benchmark | Model    | Train R² | Val R²  | Val RMSE | AIC   | BIC   | Mode | Config    
----------------------------------------------------------------------------------------
overall   | logistic | 0.6909   | -1.4819 | 0.4889   | -61.2 | -57.4 | inde | TR:(0, 27)
use fit_logistic_grid_search: False
use fit_logistic_grid_search: False
use fit_logistic_grid_search: False

====================================================================================================
Predictions for Future FLOPs
====================================================================================================

overall (Model: logistic)
Config: TR:(0, 27), RR:False
Equation: y = 0.00 + 2.65/(1+(73/x)^0.95) [C0 fixed]
  FLOPs=30000: 2.6463
  FLOPs=40000: 2.6484
  FLOPs=50000: 2.6496
  FLOPs=60000: 2.6505
Wrote metrics to /mnt/public/dingbowen/RETU/analysis/flops_estimate_kit/fit_result/hard102K/ckpt1800/metrics.json
[fit] output_scene=hard102K sft_scene=hard102K ckpt=360
[fit] figure=/mnt/public/dingbowen/RETU/analysis/flops_estimate_kit/fit_result/hard102K/ckpt360/qwen_2_5_7b_sft_hard102K_dapo_360_max_step_auto_fit22_hparam_best.png
Selected hyperparameters
  fit_points_num=22
  train_split=None
  val_split=None
  use_robust_reg=False
  lts_alpha=0.75
  outlier_threshold=4.0
  val_most=100
  free_c0=False
SFT step=360 segment_steps=360 cumulative_eflops=89.25
SFT step=720 segment_steps=360 cumulative_eflops=178.5
SFT step=1080 segment_steps=360 cumulative_eflops=267.75
SFT step=1440 segment_steps=360 cumulative_eflops=357.0
SFT step=1800 segment_steps=360 cumulative_eflops=446.25
Loading hard102K_flops2valPerform_sft_dict_0422.pkl from /mnt/public/dingbowen/RETU/analysis/flops_estimate_kit/cache/sft/hard102K_flops2valPerform_sft_dict_0422.pkl
Loading hard102K_step2flops2valPerform_dapo_ckpt360.pkl from /mnt/public/dingbowen/RETU/analysis/flops_estimate_kit/cache/sft_then_rl/hard102K/hard102K_step2flops2valPerform_dapo_ckpt360.pkl
step2flops_per_ckpt: {0: 0, 360: 89.25, 720: 178.5, 1080: 267.75, 1440: 357.0, 1800: 446.25}
branch_flops: {360: 89.25}
Config set for benchmark 'overall': {'split_mode': 'index', 'train_range': (0, 22), 'val_range': (22, 100), 'detect_outliers': True, 'outlier_threshold': 4.0, 'use_robust_regression': False, 'lts_alpha': 0.75, 'model_types': ['logistic'], 'metric': 'auto', 'fixed_C0': 0, 'exclude_nonpositive_val': False}

Analyzing SFT Checkpoint 360
Default config: {'split_mode': 'index', 'train_range': (0, 60), 'val_range': (60, 100), 'detect_outliers': True, 'outlier_threshold': 2.5, 'use_robust_regression': False, 'lts_alpha': 0.75, 'model_types': 'auto', 'metric': 'val_rmse', 'fixed_C0': 0, 'exclude_nonpositive_val': False}
Benchmark-specific config applied to 1 benchmarks
use fit_logistic_grid_search: False
use fit_logistic_grid_search: False
Figure saved to: /mnt/public/dingbowen/RETU/analysis/flops_estimate_kit/fit_result/hard102K/ckpt360/qwen_2_5_7b_sft_hard102K_dapo_360_max_step_auto_fit22_hparam_best.png

==================================================================================================================================
SFT Checkpoint 360 - Summary of Best Models
Selected 1 benchmarks
==================================================================================================================================
use fit_logistic_grid_search: False
use fit_logistic_grid_search: False
Benchmark | Model    | Train R² | Val R² | Val RMSE | AIC   | BIC   | Mode | Config    
---------------------------------------------------------------------------------------
overall   | logistic | 0.8195   | 0.3974 | 0.5024   | -37.0 | -33.7 | inde | TR:(0, 22)
use fit_logistic_grid_search: False
use fit_logistic_grid_search: False

====================================================================================================
Predictions for Future FLOPs
====================================================================================================

overall (Model: logistic)
Config: TR:(0, 22), RR:False
Equation: y = 0.00 + 4.90/(1+(40/x)^0.85) [C0 fixed]
  FLOPs=30000: 4.8792
  FLOPs=40000: 4.8830
  FLOPs=50000: 4.8854
  FLOPs=60000: 4.8870
Wrote metrics to /mnt/public/dingbowen/RETU/analysis/flops_estimate_kit/fit_result/hard102K/ckpt360/metrics.json
[fit] output_scene=hard102K sft_scene=hard102K ckpt=720
[fit] figure=/mnt/public/dingbowen/RETU/analysis/flops_estimate_kit/fit_result/hard102K/ckpt720/qwen_2_5_7b_sft_hard102K_dapo_720_max_step_auto_fit27_hparam_best.png
Selected hyperparameters
  fit_points_num=27
  train_split=None
  val_split=None
  use_robust_reg=True
  lts_alpha=0.85
  outlier_threshold=4.0
  val_most=100
  free_c0=False
SFT step=360 segment_steps=360 cumulative_eflops=89.25
SFT step=720 segment_steps=360 cumulative_eflops=178.5
SFT step=1080 segment_steps=360 cumulative_eflops=267.75
SFT step=1440 segment_steps=360 cumulative_eflops=357.0
SFT step=1800 segment_steps=360 cumulative_eflops=446.25
Loading hard102K_flops2valPerform_sft_dict_0422.pkl from /mnt/public/dingbowen/RETU/analysis/flops_estimate_kit/cache/sft/hard102K_flops2valPerform_sft_dict_0422.pkl
Loading hard102K_step2flops2valPerform_dapo_ckpt720.pkl from /mnt/public/dingbowen/RETU/analysis/flops_estimate_kit/cache/sft_then_rl/hard102K/hard102K_step2flops2valPerform_dapo_ckpt720.pkl
step2flops_per_ckpt: {0: 0, 360: 89.25, 720: 178.5, 1080: 267.75, 1440: 357.0, 1800: 446.25}
branch_flops: {720: 178.5}
Config set for benchmark 'overall': {'split_mode': 'index', 'train_range': (0, 27), 'val_range': (27, 100), 'detect_outliers': True, 'outlier_threshold': 4.0, 'use_robust_regression': True, 'lts_alpha': 0.85, 'model_types': ['logistic'], 'metric': 'auto', 'fixed_C0': 0, 'exclude_nonpositive_val': False}

Analyzing SFT Checkpoint 720
Default config: {'split_mode': 'index', 'train_range': (0, 60), 'val_range': (60, 100), 'detect_outliers': True, 'outlier_threshold': 2.5, 'use_robust_regression': False, 'lts_alpha': 0.75, 'model_types': 'auto', 'metric': 'val_rmse', 'fixed_C0': 0, 'exclude_nonpositive_val': False}
Benchmark-specific config applied to 1 benchmarks
Figure saved to: /mnt/public/dingbowen/RETU/analysis/flops_estimate_kit/fit_result/hard102K/ckpt720/qwen_2_5_7b_sft_hard102K_dapo_720_max_step_auto_fit27_hparam_best.png

==================================================================================================================================
SFT Checkpoint 720 - Summary of Best Models
Selected 1 benchmarks
==================================================================================================================================
Benchmark | Model    | Train R² | Val R² | Val RMSE | AIC   | BIC   | Mode | Config    
---------------------------------------------------------------------------------------
overall   | logistic | 0.8878   | 0.1285 | 0.3438   | -49.6 | -46.3 | inde | TR:(0, 27)

====================================================================================================
Predictions for Future FLOPs
====================================================================================================

overall (Model: logistic)
Config: TR:(0, 27), RR:True
Equation: y = 0.00 + 3.11/(1+(32/x)^1.74) [C0 fixed]
  FLOPs=30000: 3.1115
  FLOPs=40000: 3.1115
  FLOPs=50000: 3.1115
  FLOPs=60000: 3.1115
Wrote metrics to /mnt/public/dingbowen/RETU/analysis/flops_estimate_kit/fit_result/hard102K/ckpt720/metrics.json
[fit] output_scene=s1K sft_scene=general ckpt=0
[fit] figure=/mnt/public/dingbowen/RETU/analysis/flops_estimate_kit/fit_result/s1K/ckpt0/qwen_2_5_7b_sft_general_dapo_0_max_step_auto_fit34_hparam_best.png
Selected hyperparameters
  fit_points_num=34
  train_split=None
  val_split=None
  use_robust_reg=False
  lts_alpha=0.75
  outlier_threshold=2.5
  val_most=100
  free_c0=False
SFT step=360 segment_steps=360 cumulative_eflops=34.92
SFT step=720 segment_steps=360 cumulative_eflops=69.84
SFT step=1080 segment_steps=360 cumulative_eflops=104.76
SFT step=1440 segment_steps=360 cumulative_eflops=139.68
SFT step=1800 segment_steps=360 cumulative_eflops=174.6
SFT step=3600 segment_steps=1800 cumulative_eflops=349.18
SFT step=5400 segment_steps=1800 cumulative_eflops=523.76
SFT step=7200 segment_steps=1800 cumulative_eflops=698.34
SFT step=9000 segment_steps=1800 cumulative_eflops=872.92
SFT step=10800 segment_steps=1800 cumulative_eflops=1047.5
SFT step=12600 segment_steps=1800 cumulative_eflops=1222.08
SFT step=14080 segment_steps=1480 cumulative_eflops=1365.62
Loading general_flops2valPerform_sft_dict.pkl from /mnt/public/dingbowen/RETU/analysis/flops_estimate_kit/cache/sft/general_flops2valPerform_sft_dict.pkl
Loading general_step2flops2valPerform_dapo_ckpt0.pkl from /mnt/public/dingbowen/RETU/analysis/flops_estimate_kit/cache/sft_then_rl/general/general_step2flops2valPerform_dapo_ckpt0.pkl
step2flops_per_ckpt: {0: 0, 360: 34.92, 720: 69.84, 1080: 104.76, 1440: 139.68, 1800: 174.6, 3600: 349.18, 5400: 523.76, 7200: 698.34, 9000: 872.92, 10800: 1047.5, 12600: 1222.08, 14080: 1365.62}
branch_flops: {0: 0}
Config set for benchmark 'overall': {'split_mode': 'index', 'train_range': (0, 34), 'val_range': (34, 100), 'detect_outliers': True, 'outlier_threshold': 2.5, 'use_robust_regression': False, 'lts_alpha': 0.75, 'model_types': ['logistic'], 'metric': 'auto', 'fixed_C0': 0, 'exclude_nonpositive_val': False}

Analyzing SFT Checkpoint 0
Default config: {'split_mode': 'index', 'train_range': (0, 60), 'val_range': (60, 100), 'detect_outliers': True, 'outlier_threshold': 2.5, 'use_robust_regression': False, 'lts_alpha': 0.75, 'model_types': 'auto', 'metric': 'val_rmse', 'fixed_C0': 0, 'exclude_nonpositive_val': False}
Benchmark-specific config applied to 1 benchmarks
use fit_logistic_grid_search: False
use fit_logistic_grid_search: False
Figure saved to: /mnt/public/dingbowen/RETU/analysis/flops_estimate_kit/fit_result/s1K/ckpt0/qwen_2_5_7b_sft_general_dapo_0_max_step_auto_fit34_hparam_best.png

==================================================================================================================================
SFT Checkpoint 0 - Summary of Best Models
Selected 1 benchmarks
==================================================================================================================================
use fit_logistic_grid_search: False
use fit_logistic_grid_search: False
Benchmark | Model    | Train R² | Val R²  | Val RMSE | AIC   | BIC   | Mode | Config    
----------------------------------------------------------------------------------------
overall   | logistic | 0.9843   | -0.1090 | 0.3607   | -20.7 | -16.1 | inde | TR:(0, 34)
use fit_logistic_grid_search: False
use fit_logistic_grid_search: False

====================================================================================================
Predictions for Future FLOPs
====================================================================================================

overall (Model: logistic)
Config: TR:(0, 34), RR:False
Equation: y = 0.00 + 25.25/(1+(1/x)^1.18) [C0 fixed]
  FLOPs=30000: 25.2462
  FLOPs=40000: 25.2463
  FLOPs=50000: 25.2463
  FLOPs=60000: 25.2463
Wrote metrics to /mnt/public/dingbowen/RETU/analysis/flops_estimate_kit/fit_result/s1K/ckpt0/metrics.json
[fit] output_scene=s1K sft_scene=s1K ckpt=124
[fit] figure=/mnt/public/dingbowen/RETU/analysis/flops_estimate_kit/fit_result/s1K/ckpt124/qwen_2_5_7b_sft_s1K_dapo_124_max_step_auto_ts0_fp55_hparam_best.png
Selected hyperparameters
  fit_points_num=55
  train_split=[0, 55]
  val_split=[55, 100]
  use_robust_reg=True
  lts_alpha=0.85
  outlier_threshold=3.0
  val_most=100
  free_c0=False
SFT step=62 segment_steps=62 cumulative_eflops=0.57
SFT step=124 segment_steps=62 cumulative_eflops=1.14
SFT step=186 segment_steps=62 cumulative_eflops=1.71
SFT step=248 segment_steps=62 cumulative_eflops=2.28
SFT step=310 segment_steps=62 cumulative_eflops=2.85
Loading s1K_flops2valPerform_sft_dict.pkl from /mnt/public/dingbowen/RETU/analysis/flops_estimate_kit/cache/sft/s1K_flops2valPerform_sft_dict.pkl
Loading s1K_step2flops2valPerform_dapo_ckpt124.pkl from /mnt/public/dingbowen/RETU/analysis/flops_estimate_kit/cache/sft_then_rl/s1K/s1K_step2flops2valPerform_dapo_ckpt124.pkl
step2flops_per_ckpt: {0: 0, 62: 0.57, 124: 1.14, 186: 1.71, 248: 2.28, 310: 2.85}
branch_flops: {124: 1.14}
Config set for benchmark 'overall': {'split_mode': 'index', 'train_range': (0, 55), 'val_range': (55, 100), 'detect_outliers': True, 'outlier_threshold': 3.0, 'use_robust_regression': True, 'lts_alpha': 0.85, 'model_types': ['logistic'], 'metric': 'auto', 'fixed_C0': 0, 'exclude_nonpositive_val': False}

Analyzing SFT Checkpoint 124
Default config: {'split_mode': 'index', 'train_range': (0, 60), 'val_range': (60, 100), 'detect_outliers': True, 'outlier_threshold': 2.5, 'use_robust_regression': False, 'lts_alpha': 0.75, 'model_types': 'auto', 'metric': 'val_rmse', 'fixed_C0': 0, 'exclude_nonpositive_val': False}
Benchmark-specific config applied to 1 benchmarks
Figure saved to: /mnt/public/dingbowen/RETU/analysis/flops_estimate_kit/fit_result/s1K/ckpt124/qwen_2_5_7b_sft_s1K_dapo_124_max_step_auto_ts0_fp55_hparam_best.png

==================================================================================================================================
SFT Checkpoint 124 - Summary of Best Models
Selected 1 benchmarks
==================================================================================================================================
Benchmark | Model    | Train R² | Val R²  | Val RMSE | AIC   | BIC   | Mode | Config    
----------------------------------------------------------------------------------------
overall   | logistic | 0.9245   | -0.7581 | 0.5849   | -96.1 | -90.6 | inde | TR:(0, 55)

====================================================================================================
Predictions for Future FLOPs
====================================================================================================

overall (Model: logistic)
Config: TR:(0, 55), RR:True
Equation: y = 0.00 + 6.03/(1+(44/x)^0.91) [C0 fixed]
  FLOPs=30000: 6.0122
  FLOPs=40000: 6.0159
  FLOPs=50000: 6.0181
  FLOPs=60000: 6.0196
Wrote metrics to /mnt/public/dingbowen/RETU/analysis/flops_estimate_kit/fit_result/s1K/ckpt124/metrics.json
[fit] output_scene=s1K sft_scene=s1K ckpt=186
[fit] figure=/mnt/public/dingbowen/RETU/analysis/flops_estimate_kit/fit_result/s1K/ckpt186/qwen_2_5_7b_sft_s1K_dapo_186_max_step_auto_fit65_hparam_best.png
Selected hyperparameters
  fit_points_num=65
  train_split=None
  val_split=None
  use_robust_reg=False
  lts_alpha=0.75
  outlier_threshold=2.5
  val_most=100
  free_c0=False
SFT step=62 segment_steps=62 cumulative_eflops=0.57
SFT step=124 segment_steps=62 cumulative_eflops=1.14
SFT step=186 segment_steps=62 cumulative_eflops=1.71
SFT step=248 segment_steps=62 cumulative_eflops=2.28
SFT step=310 segment_steps=62 cumulative_eflops=2.85
Loading s1K_flops2valPerform_sft_dict.pkl from /mnt/public/dingbowen/RETU/analysis/flops_estimate_kit/cache/sft/s1K_flops2valPerform_sft_dict.pkl
Loading s1K_step2flops2valPerform_dapo_ckpt186.pkl from /mnt/public/dingbowen/RETU/analysis/flops_estimate_kit/cache/sft_then_rl/s1K/s1K_step2flops2valPerform_dapo_ckpt186.pkl
step2flops_per_ckpt: {0: 0, 62: 0.57, 124: 1.14, 186: 1.71, 248: 2.28, 310: 2.85}
branch_flops: {186: 1.71}
Config set for benchmark 'overall': {'split_mode': 'index', 'train_range': (0, 65), 'val_range': (65, 100), 'detect_outliers': True, 'outlier_threshold': 2.5, 'use_robust_regression': False, 'lts_alpha': 0.75, 'model_types': ['logistic'], 'metric': 'auto', 'fixed_C0': 0, 'exclude_nonpositive_val': False}

Analyzing SFT Checkpoint 186
Default config: {'split_mode': 'index', 'train_range': (0, 60), 'val_range': (60, 100), 'detect_outliers': True, 'outlier_threshold': 2.5, 'use_robust_regression': False, 'lts_alpha': 0.75, 'model_types': 'auto', 'metric': 'val_rmse', 'fixed_C0': 0, 'exclude_nonpositive_val': False}
Benchmark-specific config applied to 1 benchmarks
use fit_logistic_grid_search: False
use fit_logistic_grid_search: False
Figure saved to: /mnt/public/dingbowen/RETU/analysis/flops_estimate_kit/fit_result/s1K/ckpt186/qwen_2_5_7b_sft_s1K_dapo_186_max_step_auto_fit65_hparam_best.png

==================================================================================================================================
SFT Checkpoint 186 - Summary of Best Models
Selected 1 benchmarks
==================================================================================================================================
use fit_logistic_grid_search: False
use fit_logistic_grid_search: False
Benchmark | Model    | Train R² | Val R²  | Val RMSE | AIC   | BIC   | Mode | Config    
----------------------------------------------------------------------------------------
overall   | logistic | 0.7621   | -0.2540 | 0.4727   | -99.0 | -92.5 | inde | TR:(0, 65)
use fit_logistic_grid_search: False
use fit_logistic_grid_search: False

====================================================================================================
Predictions for Future FLOPs
====================================================================================================

overall (Model: logistic)
Config: TR:(0, 65), RR:False
Equation: y = 0.00 + 3.98/(1+(99/x)^1.11) [C0 fixed]
  FLOPs=30000: 3.9752
  FLOPs=40000: 3.9771
  FLOPs=50000: 3.9782
  FLOPs=60000: 3.9789
Wrote metrics to /mnt/public/dingbowen/RETU/analysis/flops_estimate_kit/fit_result/s1K/ckpt186/metrics.json
[fit] output_scene=s1K sft_scene=s1K ckpt=248
[fit] figure=/mnt/public/dingbowen/RETU/analysis/flops_estimate_kit/fit_result/s1K/ckpt248/qwen_2_5_7b_sft_s1K_dapo_248_max_step_auto_fit56_hparam_best.png
Selected hyperparameters
  fit_points_num=56
  train_split=None
  val_split=None
  use_robust_reg=True
  lts_alpha=0.75
  outlier_threshold=2.5
  val_most=100
  free_c0=False
SFT step=62 segment_steps=62 cumulative_eflops=0.57
SFT step=124 segment_steps=62 cumulative_eflops=1.14
SFT step=186 segment_steps=62 cumulative_eflops=1.71
SFT step=248 segment_steps=62 cumulative_eflops=2.28
SFT step=310 segment_steps=62 cumulative_eflops=2.85
Loading s1K_flops2valPerform_sft_dict.pkl from /mnt/public/dingbowen/RETU/analysis/flops_estimate_kit/cache/sft/s1K_flops2valPerform_sft_dict.pkl
Loading s1K_step2flops2valPerform_dapo_ckpt248.pkl from /mnt/public/dingbowen/RETU/analysis/flops_estimate_kit/cache/sft_then_rl/s1K/s1K_step2flops2valPerform_dapo_ckpt248.pkl
step2flops_per_ckpt: {0: 0, 62: 0.57, 124: 1.14, 186: 1.71, 248: 2.28, 310: 2.85}
branch_flops: {248: 2.28}
Config set for benchmark 'overall': {'split_mode': 'index', 'train_range': (0, 56), 'val_range': (56, 100), 'detect_outliers': True, 'outlier_threshold': 2.5, 'use_robust_regression': True, 'lts_alpha': 0.75, 'model_types': ['logistic'], 'metric': 'auto', 'fixed_C0': 0, 'exclude_nonpositive_val': False}

Analyzing SFT Checkpoint 248
Default config: {'split_mode': 'index', 'train_range': (0, 60), 'val_range': (60, 100), 'detect_outliers': True, 'outlier_threshold': 2.5, 'use_robust_regression': False, 'lts_alpha': 0.75, 'model_types': 'auto', 'metric': 'val_rmse', 'fixed_C0': 0, 'exclude_nonpositive_val': False}
Benchmark-specific config applied to 1 benchmarks
Figure saved to: /mnt/public/dingbowen/RETU/analysis/flops_estimate_kit/fit_result/s1K/ckpt248/qwen_2_5_7b_sft_s1K_dapo_248_max_step_auto_fit56_hparam_best.png

==================================================================================================================================
SFT Checkpoint 248 - Summary of Best Models
Selected 1 benchmarks
==================================================================================================================================
Benchmark | Model    | Train R² | Val R² | Val RMSE | AIC   | BIC   | Mode | Config    
---------------------------------------------------------------------------------------
overall   | logistic | 0.8843   | 0.0841 | 0.4476   | -97.5 | -92.3 | inde | TR:(0, 56)

====================================================================================================
Predictions for Future FLOPs
====================================================================================================

overall (Model: logistic)
Config: TR:(0, 56), RR:True
Equation: y = 0.00 + 2.47/(1+(93/x)^2.75) [C0 fixed]
  FLOPs=30000: 2.4663
  FLOPs=40000: 2.4663
  FLOPs=50000: 2.4663
  FLOPs=60000: 2.4663
Wrote metrics to /mnt/public/dingbowen/RETU/analysis/flops_estimate_kit/fit_result/s1K/ckpt248/metrics.json
[fit] output_scene=s1K sft_scene=s1K ckpt=310
[fit] figure=/mnt/public/dingbowen/RETU/analysis/flops_estimate_kit/fit_result/s1K/ckpt310/qwen_2_5_7b_sft_s1K_dapo_310_max_step_auto_ts8_fp62_hparam_best.png
Selected hyperparameters
  fit_points_num=62
  train_split=[8, 70]
  val_split=[70, 100]
  use_robust_reg=True
  lts_alpha=0.75
  outlier_threshold=3.0
  val_most=100
  free_c0=True
SFT step=62 segment_steps=62 cumulative_eflops=0.57
SFT step=124 segment_steps=62 cumulative_eflops=1.14
SFT step=186 segment_steps=62 cumulative_eflops=1.71
SFT step=248 segment_steps=62 cumulative_eflops=2.28
SFT step=310 segment_steps=62 cumulative_eflops=2.85
Loading s1K_flops2valPerform_sft_dict.pkl from /mnt/public/dingbowen/RETU/analysis/flops_estimate_kit/cache/sft/s1K_flops2valPerform_sft_dict.pkl
Loading s1K_step2flops2valPerform_dapo_ckpt310.pkl from /mnt/public/dingbowen/RETU/analysis/flops_estimate_kit/cache/sft_then_rl/s1K/s1K_step2flops2valPerform_dapo_ckpt310.pkl
step2flops_per_ckpt: {0: 0, 62: 0.57, 124: 1.14, 186: 1.71, 248: 2.28, 310: 2.85}
branch_flops: {310: 2.85}
Config set for benchmark 'overall': {'split_mode': 'index', 'train_range': (8, 70), 'val_range': (70, 100), 'detect_outliers': True, 'outlier_threshold': 3.0, 'use_robust_regression': True, 'lts_alpha': 0.75, 'model_types': ['logistic'], 'metric': 'auto', 'fixed_C0': None, 'exclude_nonpositive_val': False}

Analyzing SFT Checkpoint 310
Default config: {'split_mode': 'index', 'train_range': (0, 60), 'val_range': (60, 100), 'detect_outliers': True, 'outlier_threshold': 2.5, 'use_robust_regression': False, 'lts_alpha': 0.75, 'model_types': 'auto', 'metric': 'val_rmse', 'fixed_C0': None, 'exclude_nonpositive_val': False}
Benchmark-specific config applied to 1 benchmarks
Figure saved to: /mnt/public/dingbowen/RETU/analysis/flops_estimate_kit/fit_result/s1K/ckpt310/qwen_2_5_7b_sft_s1K_dapo_310_max_step_auto_ts8_fp62_hparam_best.png

==================================================================================================================================
SFT Checkpoint 310 - Summary of Best Models
Selected 1 benchmarks
==================================================================================================================================
Benchmark | Model    | Train R² | Val R² | Val RMSE | AIC    | BIC    | Mode | Config    
-----------------------------------------------------------------------------------------
overall   | logistic | 0.9157   | 0.0000 | 0.0074   | -135.5 | -128.2 | inde | TR:(8, 70)

====================================================================================================
Predictions for Future FLOPs
====================================================================================================

overall (Model: logistic)
Config: TR:(8, 70), RR:True
Equation: y = 1.53 + 1.78/(1+(134/x)^11.17)
  FLOPs=30000: 3.3114
  FLOPs=40000: 3.3114
  FLOPs=50000: 3.3114
  FLOPs=60000: 3.3114
Wrote metrics to /mnt/public/dingbowen/RETU/analysis/flops_estimate_kit/fit_result/s1K/ckpt310/metrics.json
[fit] output_scene=s1K sft_scene=s1K ckpt=62
[fit] figure=/mnt/public/dingbowen/RETU/analysis/flops_estimate_kit/fit_result/s1K/ckpt62/qwen_2_5_7b_sft_s1K_dapo_62_max_step_auto_ts12_fp75_hparam_best.png
Selected hyperparameters
  fit_points_num=75
  train_split=[12, 87]
  val_split=[87, 100]
  use_robust_reg=True
  lts_alpha=0.75
  outlier_threshold=2.5
  val_most=100
  free_c0=True
SFT step=62 segment_steps=62 cumulative_eflops=0.57
SFT step=124 segment_steps=62 cumulative_eflops=1.14
SFT step=186 segment_steps=62 cumulative_eflops=1.71
SFT step=248 segment_steps=62 cumulative_eflops=2.28
SFT step=310 segment_steps=62 cumulative_eflops=2.85
Loading s1K_flops2valPerform_sft_dict.pkl from /mnt/public/dingbowen/RETU/analysis/flops_estimate_kit/cache/sft/s1K_flops2valPerform_sft_dict.pkl
Loading s1K_step2flops2valPerform_dapo_ckpt62.pkl from /mnt/public/dingbowen/RETU/analysis/flops_estimate_kit/cache/sft_then_rl/s1K/s1K_step2flops2valPerform_dapo_ckpt62.pkl
step2flops_per_ckpt: {0: 0, 62: 0.57, 124: 1.14, 186: 1.71, 248: 2.28, 310: 2.85}
branch_flops: {62: 0.57}
Config set for benchmark 'overall': {'split_mode': 'index', 'train_range': (12, 87), 'val_range': (87, 100), 'detect_outliers': True, 'outlier_threshold': 2.5, 'use_robust_regression': True, 'lts_alpha': 0.75, 'model_types': ['logistic'], 'metric': 'auto', 'fixed_C0': None, 'exclude_nonpositive_val': False}

Analyzing SFT Checkpoint 62
Default config: {'split_mode': 'index', 'train_range': (0, 60), 'val_range': (60, 100), 'detect_outliers': True, 'outlier_threshold': 2.5, 'use_robust_regression': False, 'lts_alpha': 0.75, 'model_types': 'auto', 'metric': 'val_rmse', 'fixed_C0': None, 'exclude_nonpositive_val': False}
Benchmark-specific config applied to 1 benchmarks
Figure saved to: /mnt/public/dingbowen/RETU/analysis/flops_estimate_kit/fit_result/s1K/ckpt62/qwen_2_5_7b_sft_s1K_dapo_62_max_step_auto_ts12_fp75_hparam_best.png

==================================================================================================================================
SFT Checkpoint 62 - Summary of Best Models
Selected 1 benchmarks
==================================================================================================================================
Benchmark | Model    | Train R² | Val R² | Val RMSE | AIC   | BIC   | Mode | Config     
----------------------------------------------------------------------------------------
overall   | logistic | 0.9615   | 0.9615 | 0.3019   | -92.6 | -85.6 | inde | TR:(12, 87)

====================================================================================================
Predictions for Future FLOPs
====================================================================================================

overall (Model: logistic)
Config: TR:(12, 87), RR:True
Equation: y = 4.40 + 4.32/(1+(107/x)^8.48)
  FLOPs=30000: 8.7177
  FLOPs=40000: 8.7177
  FLOPs=50000: 8.7177
  FLOPs=60000: 8.7177
Wrote metrics to /mnt/public/dingbowen/RETU/analysis/flops_estimate_kit/fit_result/s1K/ckpt62/metrics.json
[fit] output_scene=uniform102K sft_scene=general ckpt=0
[fit] figure=/mnt/public/dingbowen/RETU/analysis/flops_estimate_kit/fit_result/uniform102K/ckpt0/qwen_2_5_7b_sft_general_dapo_0_max_step_auto_fit34_hparam_best.png
Selected hyperparameters
  fit_points_num=34
  train_split=None
  val_split=None
  use_robust_reg=False
  lts_alpha=0.75
  outlier_threshold=2.5
  val_most=100
  free_c0=False
SFT step=360 segment_steps=360 cumulative_eflops=34.92
SFT step=720 segment_steps=360 cumulative_eflops=69.84
SFT step=1080 segment_steps=360 cumulative_eflops=104.76
SFT step=1440 segment_steps=360 cumulative_eflops=139.68
SFT step=1800 segment_steps=360 cumulative_eflops=174.6
SFT step=3600 segment_steps=1800 cumulative_eflops=349.18
SFT step=5400 segment_steps=1800 cumulative_eflops=523.76
SFT step=7200 segment_steps=1800 cumulative_eflops=698.34
SFT step=9000 segment_steps=1800 cumulative_eflops=872.92
SFT step=10800 segment_steps=1800 cumulative_eflops=1047.5
SFT step=12600 segment_steps=1800 cumulative_eflops=1222.08
SFT step=14080 segment_steps=1480 cumulative_eflops=1365.62
Loading general_flops2valPerform_sft_dict.pkl from /mnt/public/dingbowen/RETU/analysis/flops_estimate_kit/cache/sft/general_flops2valPerform_sft_dict.pkl
Loading general_step2flops2valPerform_dapo_ckpt0.pkl from /mnt/public/dingbowen/RETU/analysis/flops_estimate_kit/cache/sft_then_rl/general/general_step2flops2valPerform_dapo_ckpt0.pkl
step2flops_per_ckpt: {0: 0, 360: 34.92, 720: 69.84, 1080: 104.76, 1440: 139.68, 1800: 174.6, 3600: 349.18, 5400: 523.76, 7200: 698.34, 9000: 872.92, 10800: 1047.5, 12600: 1222.08, 14080: 1365.62}
branch_flops: {0: 0}
Config set for benchmark 'overall': {'split_mode': 'index', 'train_range': (0, 34), 'val_range': (34, 100), 'detect_outliers': True, 'outlier_threshold': 2.5, 'use_robust_regression': False, 'lts_alpha': 0.75, 'model_types': ['logistic'], 'metric': 'auto', 'fixed_C0': 0, 'exclude_nonpositive_val': False}

Analyzing SFT Checkpoint 0
Default config: {'split_mode': 'index', 'train_range': (0, 60), 'val_range': (60, 100), 'detect_outliers': True, 'outlier_threshold': 2.5, 'use_robust_regression': False, 'lts_alpha': 0.75, 'model_types': 'auto', 'metric': 'val_rmse', 'fixed_C0': 0, 'exclude_nonpositive_val': False}
Benchmark-specific config applied to 1 benchmarks
use fit_logistic_grid_search: False
use fit_logistic_grid_search: False
Figure saved to: /mnt/public/dingbowen/RETU/analysis/flops_estimate_kit/fit_result/uniform102K/ckpt0/qwen_2_5_7b_sft_general_dapo_0_max_step_auto_fit34_hparam_best.png

==================================================================================================================================
SFT Checkpoint 0 - Summary of Best Models
Selected 1 benchmarks
==================================================================================================================================
use fit_logistic_grid_search: False
use fit_logistic_grid_search: False
Benchmark | Model    | Train R² | Val R²  | Val RMSE | AIC   | BIC   | Mode | Config    
----------------------------------------------------------------------------------------
overall   | logistic | 0.9843   | -0.1090 | 0.3607   | -20.7 | -16.1 | inde | TR:(0, 34)
use fit_logistic_grid_search: False
use fit_logistic_grid_search: False

====================================================================================================
Predictions for Future FLOPs
====================================================================================================

overall (Model: logistic)
Config: TR:(0, 34), RR:False
Equation: y = 0.00 + 25.25/(1+(1/x)^1.18) [C0 fixed]
  FLOPs=30000: 25.2462
  FLOPs=40000: 25.2463
  FLOPs=50000: 25.2463
  FLOPs=60000: 25.2463
Wrote metrics to /mnt/public/dingbowen/RETU/analysis/flops_estimate_kit/fit_result/uniform102K/ckpt0/metrics.json
[fit] output_scene=uniform102K sft_scene=uniform102K ckpt=1080
[fit] figure=/mnt/public/dingbowen/RETU/analysis/flops_estimate_kit/fit_result/uniform102K/ckpt1080/qwen_2_5_7b_sft_uniform102K_dapo_1080_max_step_auto_ts10_fp60_hparam_best.png
Selected hyperparameters
  fit_points_num=60
  train_split=[10, 70]
  val_split=[70, 100]
  use_robust_reg=False
  lts_alpha=0.75
  outlier_threshold=2.5
  val_most=100
  free_c0=True
SFT step=360 segment_steps=360 cumulative_eflops=34.67
SFT step=720 segment_steps=360 cumulative_eflops=69.34
SFT step=1080 segment_steps=360 cumulative_eflops=104.01
SFT step=1440 segment_steps=360 cumulative_eflops=138.68
SFT step=1800 segment_steps=360 cumulative_eflops=173.35
Loading uniform102K_flops2valPerform_sft_dict.pkl from /mnt/public/dingbowen/RETU/analysis/flops_estimate_kit/cache/sft/uniform102K_flops2valPerform_sft_dict.pkl
Loading uniform102K_step2flops2valPerform_dapo_ckpt1080.pkl from /mnt/public/dingbowen/RETU/analysis/flops_estimate_kit/cache/sft_then_rl/uniform102K/uniform102K_step2flops2valPerform_dapo_ckpt1080.pkl
step2flops_per_ckpt: {0: 0, 360: 34.67, 720: 69.34, 1080: 104.01, 1440: 138.68, 1800: 173.35}
branch_flops: {1080: 104.01}
Config set for benchmark 'overall': {'split_mode': 'index', 'train_range': (10, 70), 'val_range': (70, 100), 'detect_outliers': True, 'outlier_threshold': 2.5, 'use_robust_regression': False, 'lts_alpha': 0.75, 'model_types': ['logistic'], 'metric': 'auto', 'fixed_C0': None, 'exclude_nonpositive_val': False}

Analyzing SFT Checkpoint 1080
Default config: {'split_mode': 'index', 'train_range': (0, 60), 'val_range': (60, 100), 'detect_outliers': True, 'outlier_threshold': 2.5, 'use_robust_regression': False, 'lts_alpha': 0.75, 'model_types': 'auto', 'metric': 'val_rmse', 'fixed_C0': None, 'exclude_nonpositive_val': False}
Benchmark-specific config applied to 1 benchmarks
use fit_logistic_grid_search: False
use fit_logistic_grid_search: False
use fit_logistic_grid_search: False
use fit_logistic_grid_search: False
Figure saved to: /mnt/public/dingbowen/RETU/analysis/flops_estimate_kit/fit_result/uniform102K/ckpt1080/qwen_2_5_7b_sft_uniform102K_dapo_1080_max_step_auto_ts10_fp60_hparam_best.png

==================================================================================================================================
SFT Checkpoint 1080 - Summary of Best Models
Selected 1 benchmarks
==================================================================================================================================
use fit_logistic_grid_search: False
use fit_logistic_grid_search: False
use fit_logistic_grid_search: False
use fit_logistic_grid_search: False
Benchmark | Model    | Train R² | Val R²   | Val RMSE | AIC    | BIC   | Mode | Config     
-------------------------------------------------------------------------------------------
overall   | logistic | 0.9131   | -10.5382 | 0.3227   | -101.8 | -93.6 | inde | TR:(10, 70)
use fit_logistic_grid_search: False
use fit_logistic_grid_search: False
use fit_logistic_grid_search: False
use fit_logistic_grid_search: False

====================================================================================================
Predictions for Future FLOPs
====================================================================================================

overall (Model: logistic)
Config: TR:(10, 70), RR:False
Equation: y = 1.46 + 3.38/(1+(118/x)^6.61)
  FLOPs=30000: 4.8425
  FLOPs=40000: 4.8425
  FLOPs=50000: 4.8425
  FLOPs=60000: 4.8425
Wrote metrics to /mnt/public/dingbowen/RETU/analysis/flops_estimate_kit/fit_result/uniform102K/ckpt1080/metrics.json
[fit] output_scene=uniform102K sft_scene=uniform102K ckpt=1440
[fit] figure=/mnt/public/dingbowen/RETU/analysis/flops_estimate_kit/fit_result/uniform102K/ckpt1440/qwen_2_5_7b_sft_uniform102K_dapo_1440_max_step_auto_fit53_fp53_rob0_lts0.75_ot2.5_vm100.png
Selected hyperparameters
  fit_points_num=53
  train_split=None
  val_split=None
  use_robust_reg=False
  lts_alpha=0.75
  outlier_threshold=2.5
  val_most=100
  free_c0=False
SFT step=360 segment_steps=360 cumulative_eflops=34.67
SFT step=720 segment_steps=360 cumulative_eflops=69.34
SFT step=1080 segment_steps=360 cumulative_eflops=104.01
SFT step=1440 segment_steps=360 cumulative_eflops=138.68
SFT step=1800 segment_steps=360 cumulative_eflops=173.35
Loading uniform102K_flops2valPerform_sft_dict.pkl from /mnt/public/dingbowen/RETU/analysis/flops_estimate_kit/cache/sft/uniform102K_flops2valPerform_sft_dict.pkl
Loading uniform102K_step2flops2valPerform_dapo_ckpt1440.pkl from /mnt/public/dingbowen/RETU/analysis/flops_estimate_kit/cache/sft_then_rl/uniform102K/uniform102K_step2flops2valPerform_dapo_ckpt1440.pkl
step2flops_per_ckpt: {0: 0, 360: 34.67, 720: 69.34, 1080: 104.01, 1440: 138.68, 1800: 173.35}
branch_flops: {1440: 138.68}
Config set for benchmark 'overall': {'split_mode': 'index', 'train_range': (0, 53), 'val_range': (53, 100), 'detect_outliers': True, 'outlier_threshold': 2.5, 'use_robust_regression': False, 'lts_alpha': 0.75, 'model_types': ['logistic'], 'metric': 'auto', 'fixed_C0': 0, 'exclude_nonpositive_val': False}

Analyzing SFT Checkpoint 1440
Default config: {'split_mode': 'index', 'train_range': (0, 60), 'val_range': (60, 100), 'detect_outliers': True, 'outlier_threshold': 2.5, 'use_robust_regression': False, 'lts_alpha': 0.75, 'model_types': 'auto', 'metric': 'val_rmse', 'fixed_C0': 0, 'exclude_nonpositive_val': False}
Benchmark-specific config applied to 1 benchmarks
use fit_logistic_grid_search: False
use fit_logistic_grid_search: False
Figure saved to: /mnt/public/dingbowen/RETU/analysis/flops_estimate_kit/fit_result/uniform102K/ckpt1440/qwen_2_5_7b_sft_uniform102K_dapo_1440_max_step_auto_fit53_fp53_rob0_lts0.75_ot2.5_vm100.png

==================================================================================================================================
SFT Checkpoint 1440 - Summary of Best Models
Selected 1 benchmarks
==================================================================================================================================
use fit_logistic_grid_search: False
use fit_logistic_grid_search: False
Benchmark | Model    | Train R² | Val R²  | Val RMSE | AIC    | BIC    | Mode | Config    
------------------------------------------------------------------------------------------
overall   | logistic | 0.7577   | -0.2837 | 4.2425   | -115.6 | -109.7 | inde | TR:(0, 53)
use fit_logistic_grid_search: False
use fit_logistic_grid_search: False

====================================================================================================
Predictions for Future FLOPs
====================================================================================================

overall (Model: logistic)
Config: TR:(0, 53), RR:False
Equation: y = 0.00 + 1.78/(1+(46/x)^2.20) [C0 fixed]
  FLOPs=30000: 1.7826
  FLOPs=40000: 1.7826
  FLOPs=50000: 1.7826
  FLOPs=60000: 1.7826
Wrote metrics to /mnt/public/dingbowen/RETU/analysis/flops_estimate_kit/fit_result/uniform102K/ckpt1440/metrics.json
[fit] output_scene=uniform102K sft_scene=uniform102K ckpt=1800
[fit] figure=/mnt/public/dingbowen/RETU/analysis/flops_estimate_kit/fit_result/uniform102K/ckpt1800/qwen_2_5_7b_sft_uniform102K_dapo_1800_max_step_auto_fit59_ts0_fp59_rob0_lts0.75_ot2.5_vm100.png
Selected hyperparameters
  fit_points_num=59
  train_split=[0, 59]
  val_split=[59, 100]
  use_robust_reg=False
  lts_alpha=0.75
  outlier_threshold=2.5
  val_most=100
  free_c0=False
SFT step=360 segment_steps=360 cumulative_eflops=34.67
SFT step=720 segment_steps=360 cumulative_eflops=69.34
SFT step=1080 segment_steps=360 cumulative_eflops=104.01
SFT step=1440 segment_steps=360 cumulative_eflops=138.68
SFT step=1800 segment_steps=360 cumulative_eflops=173.35
Loading uniform102K_flops2valPerform_sft_dict.pkl from /mnt/public/dingbowen/RETU/analysis/flops_estimate_kit/cache/sft/uniform102K_flops2valPerform_sft_dict.pkl
Loading uniform102K_step2flops2valPerform_dapo_ckpt1800.pkl from /mnt/public/dingbowen/RETU/analysis/flops_estimate_kit/cache/sft_then_rl/uniform102K/uniform102K_step2flops2valPerform_dapo_ckpt1800.pkl
step2flops_per_ckpt: {0: 0, 360: 34.67, 720: 69.34, 1080: 104.01, 1440: 138.68, 1800: 173.35}
branch_flops: {1800: 173.35}
Config set for benchmark 'overall': {'split_mode': 'index', 'train_range': (0, 59), 'val_range': (59, 100), 'detect_outliers': True, 'outlier_threshold': 2.5, 'use_robust_regression': False, 'lts_alpha': 0.75, 'model_types': ['logistic'], 'metric': 'auto', 'fixed_C0': 0, 'exclude_nonpositive_val': False}

Analyzing SFT Checkpoint 1800
Default config: {'split_mode': 'index', 'train_range': (0, 60), 'val_range': (60, 100), 'detect_outliers': True, 'outlier_threshold': 2.5, 'use_robust_regression': False, 'lts_alpha': 0.75, 'model_types': 'auto', 'metric': 'val_rmse', 'fixed_C0': 0, 'exclude_nonpositive_val': False}
Benchmark-specific config applied to 1 benchmarks
use fit_logistic_grid_search: False
use fit_logistic_grid_search: False
use fit_logistic_grid_search: False
Figure saved to: /mnt/public/dingbowen/RETU/analysis/flops_estimate_kit/fit_result/uniform102K/ckpt1800/qwen_2_5_7b_sft_uniform102K_dapo_1800_max_step_auto_fit59_ts0_fp59_rob0_lts0.75_ot2.5_vm100.png

==================================================================================================================================
SFT Checkpoint 1800 - Summary of Best Models
Selected 1 benchmarks
==================================================================================================================================
use fit_logistic_grid_search: False
use fit_logistic_grid_search: False
use fit_logistic_grid_search: False
Benchmark | Model    | Train R² | Val R²  | Val RMSE | AIC    | BIC    | Mode | Config    
------------------------------------------------------------------------------------------
overall   | logistic | 0.6436   | -0.3743 | 14.2647  | -109.4 | -103.5 | inde | TR:(0, 59)
use fit_logistic_grid_search: False
use fit_logistic_grid_search: False
use fit_logistic_grid_search: False

====================================================================================================
Predictions for Future FLOPs
====================================================================================================

overall (Model: logistic)
Config: TR:(0, 59), RR:False
Equation: y = 0.00 + 3.76/(1+(161/x)^0.70) [C0 fixed]
  FLOPs=30000: 3.6705
  FLOPs=40000: 3.6874
  FLOPs=50000: 3.6984
  FLOPs=60000: 3.7063
Wrote metrics to /mnt/public/dingbowen/RETU/analysis/flops_estimate_kit/fit_result/uniform102K/ckpt1800/metrics.json
[fit] output_scene=uniform102K sft_scene=uniform102K ckpt=360
[fit] figure=/mnt/public/dingbowen/RETU/analysis/flops_estimate_kit/fit_result/uniform102K/ckpt360/qwen_2_5_7b_sft_uniform102K_dapo_360_max_step_auto_fit70_hparam_best.png
Selected hyperparameters
  fit_points_num=70
  train_split=None
  val_split=None
  use_robust_reg=False
  lts_alpha=0.75
  outlier_threshold=2.5
  val_most=100
  free_c0=False
SFT step=360 segment_steps=360 cumulative_eflops=34.67
SFT step=720 segment_steps=360 cumulative_eflops=69.34
SFT step=1080 segment_steps=360 cumulative_eflops=104.01
SFT step=1440 segment_steps=360 cumulative_eflops=138.68
SFT step=1800 segment_steps=360 cumulative_eflops=173.35
Loading uniform102K_flops2valPerform_sft_dict.pkl from /mnt/public/dingbowen/RETU/analysis/flops_estimate_kit/cache/sft/uniform102K_flops2valPerform_sft_dict.pkl
Loading uniform102K_step2flops2valPerform_dapo_ckpt360.pkl from /mnt/public/dingbowen/RETU/analysis/flops_estimate_kit/cache/sft_then_rl/uniform102K/uniform102K_step2flops2valPerform_dapo_ckpt360.pkl
step2flops_per_ckpt: {0: 0, 360: 34.67, 720: 69.34, 1080: 104.01, 1440: 138.68, 1800: 173.35}
branch_flops: {360: 34.67}
Config set for benchmark 'overall': {'split_mode': 'index', 'train_range': (0, 70), 'val_range': (70, 100), 'detect_outliers': True, 'outlier_threshold': 2.5, 'use_robust_regression': False, 'lts_alpha': 0.75, 'model_types': ['logistic'], 'metric': 'auto', 'fixed_C0': 0, 'exclude_nonpositive_val': False}

Analyzing SFT Checkpoint 360
Default config: {'split_mode': 'index', 'train_range': (0, 60), 'val_range': (60, 100), 'detect_outliers': True, 'outlier_threshold': 2.5, 'use_robust_regression': False, 'lts_alpha': 0.75, 'model_types': 'auto', 'metric': 'val_rmse', 'fixed_C0': 0, 'exclude_nonpositive_val': False}
Benchmark-specific config applied to 1 benchmarks
use fit_logistic_grid_search: False
use fit_logistic_grid_search: False
Figure saved to: /mnt/public/dingbowen/RETU/analysis/flops_estimate_kit/fit_result/uniform102K/ckpt360/qwen_2_5_7b_sft_uniform102K_dapo_360_max_step_auto_fit70_hparam_best.png

==================================================================================================================================
SFT Checkpoint 360 - Summary of Best Models
Selected 1 benchmarks
==================================================================================================================================
use fit_logistic_grid_search: False
use fit_logistic_grid_search: False
Benchmark | Model    | Train R² | Val R²  | Val RMSE | AIC    | BIC    | Mode | Config    
------------------------------------------------------------------------------------------
overall   | logistic | 0.8896   | -0.2359 | 0.2461   | -112.4 | -105.6 | inde | TR:(0, 70)
use fit_logistic_grid_search: False
use fit_logistic_grid_search: False

====================================================================================================
Predictions for Future FLOPs
====================================================================================================

overall (Model: logistic)
Config: TR:(0, 70), RR:False
Equation: y = 0.00 + 4.77/(1+(32/x)^1.81) [C0 fixed]
  FLOPs=30000: 4.7657
  FLOPs=40000: 4.7658
  FLOPs=50000: 4.7658
  FLOPs=60000: 4.7658
Wrote metrics to /mnt/public/dingbowen/RETU/analysis/flops_estimate_kit/fit_result/uniform102K/ckpt360/metrics.json
[fit] output_scene=uniform102K sft_scene=uniform102K ckpt=720
[fit] figure=/mnt/public/dingbowen/RETU/analysis/flops_estimate_kit/fit_result/uniform102K/ckpt720/qwen_2_5_7b_sft_uniform102K_dapo_720_max_step_auto_fit17_hparam_best.png
Selected hyperparameters
  fit_points_num=17
  train_split=None
  val_split=None
  use_robust_reg=True
  lts_alpha=0.75
  outlier_threshold=4.0
  val_most=100
  free_c0=False
SFT step=360 segment_steps=360 cumulative_eflops=34.67
SFT step=720 segment_steps=360 cumulative_eflops=69.34
SFT step=1080 segment_steps=360 cumulative_eflops=104.01
SFT step=1440 segment_steps=360 cumulative_eflops=138.68
SFT step=1800 segment_steps=360 cumulative_eflops=173.35
Loading uniform102K_flops2valPerform_sft_dict.pkl from /mnt/public/dingbowen/RETU/analysis/flops_estimate_kit/cache/sft/uniform102K_flops2valPerform_sft_dict.pkl
Loading uniform102K_step2flops2valPerform_dapo_ckpt720.pkl from /mnt/public/dingbowen/RETU/analysis/flops_estimate_kit/cache/sft_then_rl/uniform102K/uniform102K_step2flops2valPerform_dapo_ckpt720.pkl
step2flops_per_ckpt: {0: 0, 360: 34.67, 720: 69.34, 1080: 104.01, 1440: 138.68, 1800: 173.35}
branch_flops: {720: 69.34}
Config set for benchmark 'overall': {'split_mode': 'index', 'train_range': (0, 17), 'val_range': (17, 100), 'detect_outliers': True, 'outlier_threshold': 4.0, 'use_robust_regression': True, 'lts_alpha': 0.75, 'model_types': ['logistic'], 'metric': 'auto', 'fixed_C0': 0, 'exclude_nonpositive_val': False}

Analyzing SFT Checkpoint 720
Default config: {'split_mode': 'index', 'train_range': (0, 60), 'val_range': (60, 100), 'detect_outliers': True, 'outlier_threshold': 2.5, 'use_robust_regression': False, 'lts_alpha': 0.75, 'model_types': 'auto', 'metric': 'val_rmse', 'fixed_C0': 0, 'exclude_nonpositive_val': False}
Benchmark-specific config applied to 1 benchmarks
Figure saved to: /mnt/public/dingbowen/RETU/analysis/flops_estimate_kit/fit_result/uniform102K/ckpt720/qwen_2_5_7b_sft_uniform102K_dapo_720_max_step_auto_fit17_hparam_best.png

==================================================================================================================================
SFT Checkpoint 720 - Summary of Best Models
Selected 1 benchmarks
==================================================================================================================================
Benchmark | Model    | Train R² | Val R² | Val RMSE | AIC   | BIC   | Mode | Config    
---------------------------------------------------------------------------------------
overall   | logistic | 0.9605   | 0.2352 | 0.4491   | -43.2 | -41.7 | inde | TR:(0, 17)

====================================================================================================
Predictions for Future FLOPs
====================================================================================================

overall (Model: logistic)
Config: TR:(0, 17), RR:True
Equation: y = 0.00 + 3.02/(1+(28/x)^1.38) [C0 fixed]
  FLOPs=30000: 3.0247
  FLOPs=40000: 3.0248
  FLOPs=50000: 3.0248
  FLOPs=60000: 3.0249
Wrote metrics to /mnt/public/dingbowen/RETU/analysis/flops_estimate_kit/fit_result/uniform102K/ckpt720/metrics.json
